CREATE DATABASE MovieStreamingDB;
USE MovieStreamingDB;

CREATE TABLE Users (
user_id INT PRIMARY KEY,
name VARCHAR(100),
email VARCHAR(50),
join_date DATE,
country VARCHAR(50)
);
INSERT INTO Users (user_id, name, email, join_date, country) VALUES
(1, 'Sam Brown', 'sam.brown1@example.com', '2018-12-24', 'France'),
(2, 'Cameron Singh', 'cameron.singh2@example.com', '2018-06-06', 'France'),
(3, 'Kai Thomas', 'kai.thomas3@example.com', '2021-09-22', 'Germany'),
(4, 'Isha Patel', 'isha.patel4@example.com', '2019-10-16', 'UK'),
(5, 'Robin Thomas', 'robin.thomas5@example.com', '2021-09-29', 'Canada'),
(6, 'Casey Shah', 'casey.shah6@example.com', '2022-11-22', 'India'),
(7, 'Karan Moore', 'karan.moore7@example.com', '2022-03-27', 'India'),
(8, 'Alex Martinez', 'alex.martinez8@example.com', '2023-01-11', 'India'),
(9, 'Karan Patel', 'karan.patel9@example.com', '2019-01-15', 'UK'),
(10, 'Morgan White', 'morgan.white10@example.com', '2018-03-28', 'Australia'),
(11, 'Bhawna Miller', 'bhawna.miller11@example.com', '2024-06-06', 'Spain'),
(12, 'Cameron Wilson', 'cameron.wilson12@example.com', '2018-05-31', 'Australia'),
(13, 'Robin Anderson', 'robin.anderson13@example.com', '2023-06-02', 'Canada'),
(14, 'Aria Moore', 'aria.moore14@example.com', '2023-11-29', 'Mexico'),
(15, 'Zoe Walker', 'zoe.walker15@example.com', '2021-07-15', 'USA'),
(16, 'Quinn Lewis', 'quinn.lewis16@example.com', '2023-10-02', 'France'),
(17, 'Evan Thomas', 'evan.thomas17@example.com', '2024-09-09', 'Spain'),
(18, 'Skyler Martin', 'skyler.martin18@example.com', '2022-09-15', 'Germany'),
(19, 'Skyler Patel', 'skyler.patel19@example.com', '2020-01-14', 'India'),
(20, 'Bhawna Wilson', 'bhawna.wilson20@example.com', '2020-12-08', 'UK'),
(21, 'Robin Martinez', 'robin.martinez21@example.com', '2024-03-20', 'France'),
(22, 'Karan Kumar', 'karan.kumar22@example.com', '2023-02-14', 'France'),
(23, 'Rowan Thompson', 'rowan.thompson23@example.com', '2021-10-08', 'USA'),
(24, 'Riley Taylor', 'riley.taylor24@example.com', '2018-12-28', 'Germany'),
(25, 'Alex Lewis', 'alex.lewis25@example.com', '2021-12-12', 'Canada'),
(26, 'Quinn Thomas', 'quinn.thomas26@example.com', '2023-08-15', 'USA'),
(27, 'Blake DAngelo', 'blake.dangelo27@example.com', '2023-07-20', 'Canada'),
(28, 'Kai Wilson', 'kai.wilson28@example.com', '2019-12-29', 'UK'),
(29, 'Kai Davis', 'kai.davis29@example.com', '2022-03-31', 'Spain'),
(30, 'Sam Shah', 'sam.shah30@example.com', '2019-07-06', 'Spain'),
(31, 'Riley Shah', 'riley.shah31@example.com', '2020-11-16', 'Germany'),
(32, 'Evan Brown', 'evan.brown32@example.com', '2022-11-14', 'France'),
(33, 'Alex Singh', 'alex.singh33@example.com', '2018-09-14', 'Brazil'),
(34, 'Avery Lee', 'avery.lee34@example.com', '2018-12-30', 'India'),
(35, 'Hayden Lewis', 'hayden.lewis35@example.com', '2018-02-05', 'Brazil'),
(36, 'Quinn Kumar', 'quinn.kumar36@example.com', '2024-02-17', 'France'),
(37, 'Alex Martinez', 'alex.martinez37@example.com', '2020-12-11', 'Spain'),
(38, 'Sam Thompson', 'sam.thompson38@example.com', '2024-04-19', 'Germany'),
(39, 'Hayden Lopez', 'hayden.lopez39@example.com', '2018-04-08', 'UK'),
(40, 'Karan Walker', 'karan.walker40@example.com', '2022-09-13', 'India'),
(41, 'Noah Clark', 'noah.clark41@example.com', '2019-08-13', 'Germany'),
(42, 'Evan Johnson', 'evan.johnson42@example.com', '2018-11-18', 'USA'),
(43, 'Maya Anderson', 'maya.anderson43@example.com', '2022-05-06', 'Brazil'),
(44, 'Drew Chen', 'drew.chen44@example.com', '2021-04-07', 'France'),
(45, 'Avery Chen', 'avery.chen45@example.com', '2024-01-01', 'Germany'),
(46, 'Skyler Singh', 'skyler.singh46@example.com', '2019-11-15', 'Mexico'),
(47, 'Quinn Miller', 'quinn.miller47@example.com', '2018-09-12', 'UK'),
(48, 'Parker Martin', 'parker.martin48@example.com', '2018-03-26', 'Germany'),
(49, 'Parker Clark', 'parker.clark49@example.com', '2023-01-22', 'Australia'),
(50, 'Hayden White', 'hayden.white50@example.com', '2018-04-26', 'UK'),
(51, 'Skyler Martinez', 'skyler.martinez51@example.com', '2023-10-18', 'Brazil'),
(52, 'Kai Chen', 'kai.chen52@example.com', '2021-11-08', 'Brazil'),
(53, 'Taylor Thomas', 'taylor.thomas53@example.com', '2022-02-20', 'Canada'),
(54, 'Karan Taylor', 'karan.taylor54@example.com', '2021-10-24', 'India'),
(55, 'Cameron Robinson', 'cameron.robinson55@example.com', '2023-09-05', 'Canada'),
(56, 'Riley Lewis', 'riley.lewis56@example.com', '2021-08-12', 'Australia'),
(57, 'Quinn Patel', 'quinn.patel57@example.com', '2023-08-13', 'India'),
(58, 'Riley Anderson', 'riley.anderson58@example.com', '2020-03-28', 'USA'),
(59, 'Riley Brown', 'riley.brown59@example.com', '2024-05-01', 'Canada'),
(60, 'Jordan Moore', 'jordan.moore60@example.com', '2021-07-22', 'India'),
(61, 'Robin Thomas', 'robin.thomas61@example.com', '2024-01-12', 'UK'),
(62, 'Bhawna Lewis', 'bhawna.lewis62@example.com', '2023-12-29', 'UK'),
(63, 'Zoe Lewis', 'zoe.lewis63@example.com', '2023-06-06', 'Spain'),
(64, 'Liam Jones', 'liam.jones64@example.com', '2018-04-26', 'Australia'),
(65, 'Noah Harris', 'noah.harris65@example.com', '2024-06-25', 'Spain'),
(66, 'Robin Jones', 'robin.jones66@example.com', '2020-07-07', 'Brazil'),
(67, 'Bhawna Chen', 'bhawna.chen67@example.com', '2024-11-02', 'USA'),
(68, 'Karan White', 'karan.white68@example.com', '2024-09-28', 'Mexico'),
(69, 'Reese Martinez', 'reese.martinez69@example.com', '2024-07-22', 'India'),
(70, 'Noah Patel', 'noah.patel70@example.com', '2022-01-17', 'Spain'),
(71, 'Avery Walker', 'avery.walker71@example.com', '2022-09-20', 'Germany'),
(72, 'Avery Smith', 'avery.smith72@example.com', '2023-01-14', 'Germany'),
(73, 'Zoe Thompson', 'zoe.thompson73@example.com', '2020-02-28', 'UK'),
(74, 'Quinn White', 'quinn.white74@example.com', '2018-09-13', 'France'),
(75, 'Quinn Anderson', 'quinn.anderson75@example.com', '2020-12-23', 'UK'),
(76, 'Isha Thomas', 'isha.thomas76@example.com', '2022-03-22', 'Germany'),
(77, 'Jordan Robinson', 'jordan.robinson77@example.com', '2021-04-27', 'India'),
(78, 'Bhawna Brown', 'bhawna.brown78@example.com', '2023-08-22', 'Mexico'),
(79, 'Robin Patel', 'robin.patel79@example.com', '2022-04-08', 'USA'),
(80, 'Rowan Jones', 'rowan.jones80@example.com', '2021-05-07', 'India'),
(81, 'Parker Taylor', 'parker.taylor81@example.com', '2021-08-22', 'Canada'),
(82, 'Blake Davis', 'blake.davis82@example.com', '2020-12-25', 'Spain'),
(83, 'Rowan Taylor', 'rowan.taylor83@example.com', '2021-11-10', 'Canada'),
(84, 'Noah Davis', 'noah.davis84@example.com', '2023-08-15', 'Mexico'),
(85, 'Karan Robinson', 'karan.robinson85@example.com', '2021-01-31', 'Germany'),
(86, 'Sam Garcia', 'sam.garcia86@example.com', '2019-05-21', 'USA'),
(87, 'Hayden Martin', 'hayden.martin87@example.com', '2023-07-27', 'UK'),
(88, 'Reese Thomas', 'reese.thomas88@example.com', '2018-06-25', 'Spain'),
(89, 'Kai Chen', 'kai.chen89@example.com', '2021-08-27', 'Germany'),
(90, 'Karan Walker', 'karan.walker90@example.com', '2020-06-23', 'Mexico'),
(91, 'Isha Patel', 'isha.patel91@example.com', '2023-03-14', 'Brazil'),
(92, 'Karan Robinson', 'karan.robinson92@example.com', '2024-09-29', 'Australia'),
(93, 'Noah Taylor', 'noah.taylor93@example.com', '2018-02-27', 'Germany'),
(94, 'Liam Jones', 'liam.jones94@example.com', '2020-07-21', 'India'),
(95, 'Isha Brown', 'isha.brown95@example.com', '2021-03-13', 'UK'),
(96, 'Hayden Lopez', 'hayden.lopez96@example.com', '2022-10-07', 'USA'),
(97, 'Sage Shah', 'sage.shah97@example.com', '2023-07-28', 'UK'),
(98, 'Riley Patel', 'riley.patel98@example.com', '2021-01-08', 'Brazil'),
(99, 'Casey Thompson', 'casey.thompson99@example.com', '2023-12-16', 'Canada'),
(100, 'Drew Wilson', 'drew.wilson100@example.com', '2023-03-30', 'Canada');

CREATE TABLE Subscriptions (
    sub_id INT PRIMARY KEY,
    user_id INT,
    plan_type ENUM('basic','standard','premium'),
    start_date DATE,
    end_date DATE,
    FOREIGN KEY (user_id) REFERENCES Users(user_id)
);
INSERT INTO Subscriptions (sub_id, user_id, plan_type, start_date, end_date) VALUES
(1, 1, 'basic', '2019-05-17', '2019-06-16'),
(2, 2, 'basic', '2019-01-18', '2019-07-17'),
(3, 3, 'premium', '2022-06-15', '2022-07-15'),
(4, 4, 'standard', '2020-05-03', '2021-05-03'),
(5, 5, 'premium', '2021-11-24', '2021-12-24'),
(6, 6, 'premium', '2023-07-01', '2024-06-30'),
(7, 7, 'standard', '2022-09-25', '2022-12-24'),
(8, 8, 'basic', '2023-03-20', '2023-06-18'),
(9, 9, 'basic', '2019-05-18', '2019-06-17'),
(10, 10, 'standard', '2018-07-12', '2018-08-11'),
(11, 11, 'standard', '2024-06-19', '2024-07-19'),
(12, 12, 'premium', '2019-05-01', '2019-10-28'),
(13, 13, 'basic', '2023-06-17', '2023-07-17'),
(14, 14, 'basic', '2024-07-09', '2025-01-05'),
(15, 15, 'standard', '2021-12-17', '2022-01-16'),
(16, 16, 'basic', '2024-09-09', '2025-03-08'),
(17, 17, 'premium', '2025-05-30', '2025-06-29'),
(18, 18, 'standard', '2023-03-19', '2023-06-17'),
(19, 19, 'basic', '2020-05-08', '2021-05-08'),
(20, 20, 'standard', '2021-08-26', '2022-08-26'),
(21, 21, 'standard', '2024-12-31', '2025-03-31'),
(22, 22, 'basic', '2023-03-25', '2024-03-24'),
(23, 23, 'standard', '2022-03-03', '2022-06-01'),
(24, 24, 'basic', '2019-02-20', '2019-05-21'),
(25, 25, 'premium', '2022-08-04', '2023-01-31'),
(26, 26, 'standard', '2024-06-24', '2024-07-24'),
(27, 27, 'standard', '2024-04-11', '2024-10-08'),
(28, 28, 'standard', '2020-07-01', '2020-09-29'),
(29, 29, 'premium', '2022-04-24', '2022-05-24'),
(30, 30, 'premium', '2019-08-23', '2020-02-19'),
(31, 31, 'standard', '2020-12-28', '2021-03-28'),
(32, 32, 'basic', '2023-02-14', '2024-02-14'),
(33, 33, 'basic', '2019-05-15', '2019-08-13'),
(34, 34, 'standard', '2019-03-23', '2019-04-22'),
(35, 35, 'basic', '2018-02-21', '2018-03-23'),
(36, 36, 'standard', '2024-06-08', '2025-06-08'),
(37, 37, 'basic', '2021-03-23', '2022-03-23'),
(38, 38, 'basic', '2024-05-17', '2024-08-15'),
(39, 39, 'basic', '2018-11-30', '2018-12-30'),
(40, 40, 'standard', '2023-08-21', '2023-09-20'),
(41, 41, 'basic', '2020-03-25', '2020-06-23'),
(42, 42, 'standard', '2019-03-18', '2020-03-17'),
(43, 43, 'basic', '2023-04-14', '2023-07-13'),
(44, 44, 'standard', '2022-03-18', '2022-04-17'),
(45, 45, 'standard', '2024-06-16', '2025-06-16'),
(46, 46, 'basic', '2020-03-11', '2020-04-10'),
(47, 47, 'basic', '2019-06-20', '2019-07-20'),
(48, 48, 'basic', '2018-07-31', '2019-01-27'),
(49, 49, 'premium', '2023-03-27', '2023-04-26'),
(50, 50, 'standard', '2019-03-20', '2019-09-16'),
(51, 51, 'standard', '2024-07-28', '2025-01-24'),
(52, 52, 'standard', '2022-09-24', '2022-12-23'),
(53, 53, 'standard', '2022-03-09', '2022-09-05'),
(54, 54, 'standard', '2022-04-02', '2022-05-02'),
(55, 55, 'premium', '2024-05-21', '2024-06-20'),
(56, 56, 'standard', '2022-01-09', '2022-02-08'),
(57, 57, 'standard', '2023-11-15', '2024-05-13'),
(58, 58, 'standard', '2020-05-20', '2020-08-18'),
(59, 59, 'basic', '2025-03-22', '2025-04-21'),
(60, 60, 'standard', '2021-11-04', '2022-05-03'),
(61, 61, 'premium', '2024-09-14', '2025-03-13'),
(62, 62, 'standard', '2024-10-07', '2025-01-05'),
(63, 63, 'premium', '2023-06-19', '2023-12-16'),
(64, 64, 'basic', '2018-05-11', '2018-08-09'),
(65, 65, 'basic', '2024-12-29', '2025-03-29'),
(66, 66, 'standard', '2020-09-14', '2020-10-14'),
(67, 67, 'standard', '2025-01-03', '2025-02-02'),
(68, 68, 'standard', '2024-10-27', '2025-04-25'),
(69, 69, 'standard', '2024-09-26', '2025-03-25'),
(70, 70, 'premium', '2022-03-05', '2022-09-01'),
(71, 71, 'premium', '2023-06-30', '2023-07-30'),
(72, 72, 'standard', '2023-10-14', '2023-11-13'),
(73, 73, 'standard', '2020-07-23', '2021-01-19'),
(74, 74, 'basic', '2019-01-11', '2019-02-10'),
(75, 75, 'standard', '2021-02-18', '2021-03-20'),
(76, 76, 'premium', '2022-10-06', '2023-04-04'),
(77, 77, 'standard', '2021-07-28', '2021-10-26'),
(78, 78, 'basic', '2023-08-22', '2024-08-21'),
(79, 79, 'standard', '2022-08-08', '2022-09-07'),
(80, 80, 'basic', '2021-07-12', '2021-08-11'),
(81, 81, 'standard', '2022-05-23', '2022-11-19'),
(82, 82, 'standard', '2021-03-21', '2022-03-21'),
(83, 83, 'basic', '2021-12-13', '2022-01-12'),
(84, 84, 'standard', '2024-06-01', '2025-06-01'),
(85, 85, 'premium', '2021-11-18', '2021-12-18'),
(86, 86, 'standard', '2020-04-30', '2020-07-29'),
(87, 87, 'basic', '2024-01-02', '2024-06-30'),
(88, 88, 'standard', '2019-05-31', '2019-08-29'),
(89, 89, 'standard', '2022-01-19', '2022-04-19'),
(90, 90, 'basic', '2020-10-09', '2021-10-09'),
(91, 91, 'basic', '2023-10-16', '2023-11-15'),
(92, 92, 'premium', '2024-12-25', '2025-01-24'),
(93, 93, 'standard', '2018-06-20', '2018-07-20'),
(94, 94, 'standard', '2021-05-13', '2021-08-11'),
(95, 95, 'premium', '2021-12-29', '2022-12-29'),
(96, 96, 'basic', '2023-07-07', '2024-01-03'),
(97, 97, 'standard', '2023-11-15', '2023-12-15'),
(98, 98, 'premium', '2021-01-29', '2021-07-28'),
(99, 99, 'premium', '2023-12-31', '2024-03-30'),
(100, 100, 'premium', '2023-04-17', '2023-07-16');

CREATE TABLE Movies (
    movie_id INT PRIMARY KEY,
    title VARCHAR(255),
    release_year INT,
    genre VARCHAR(50),
    duration_min INT,
    rating DECIMAL(3,1)
);
INSERT INTO Movies (movie_id, title, release_year, genre, duration_min, rating) VALUES
(1, 'Movie 1 - Edge', 1991, 'Drama', 132, 8.4),
(2, 'Movie 2 - Secret', 2024, 'Sci-Fi', 122, 7.6),
(3, 'Movie 3 - Chronicles', 2012, 'Comedy', 91, 4.2),
(4, 'Movie 4 - Legacy', 1993, 'Fantasy', 118, 6.0),
(5, 'Movie 5 - Chronicles', 2001, 'Horror', 132, 8.6),
(6, 'Movie 6 - Edge', 2018, 'Animation', 91, 9.5),
(7, 'Movie 7 - Rise', 2022, 'Fantasy', 170, 4.8),
(8, 'Movie 8 - Reckoning', 2023, 'Comedy', 138, 9.0),
(9, 'Movie 9 - Shadow', 2020, 'Documentary', 83, 6.0),
(10, 'Movie 10 - Secret', 2008, 'Horror', 148, 8.2),
(11, 'Movie 11 - Reckoning', 2006, 'Thriller', 101, 4.2),
(12, 'Movie 12 - Rise', 2022, 'Comedy', 142, 8.4),
(13, 'Movie 13 - Chronicles', 1996, 'Comedy', 164, 7.4),
(14, 'Movie 14 - Shadow', 2021, 'Sci-Fi', 97, 6.8),
(15, 'Movie 15 - Return', 2016, 'Animation', 176, 5.3),
(16, 'Movie 16 - Edge', 2016, 'Romance', 120, 9.2),
(17, 'Movie 17 - Chronicles', 2002, 'Romance', 166, 6.6),
(18, 'Movie 18 - Shadow', 1991, 'Drama', 168, 6.8),
(19, 'Movie 19 - Legacy', 2008, 'Drama', 97, 4.8),
(20, 'Movie 20 - Legacy', 2010, 'Action', 178, 7.1),
(21, 'Movie 21 - Shadow', 2017, 'Action', 178, 9.4),
(22, 'Movie 22 - Edge', 1985, 'Documentary', 99, 5.5),
(23, 'Movie 23 - Edge', 2013, 'Thriller', 88, 6.3),
(24, 'Movie 24 - Secret', 2010, 'Romance', 86, 7.5),
(25, 'Movie 25 - Chronicles', 1990, 'Romance', 136, 6.6),
(26, 'Movie 26 - Return', 1987, 'Romance', 126, 5.8),
(27, 'Movie 27 - Shadow', 2020, 'Animation', 140, 8.0),
(28, 'Movie 28 - Reckoning', 2006, 'Thriller', 84, 5.0),
(29, 'Movie 29 - Secret', 1997, 'Documentary', 134, 7.5),
(30, 'Movie 30 - Rise', 2007, 'Action', 114, 9.2),
(31, 'Movie 31 - Quest', 2019, 'Horror', 166, 4.4),
(32, 'Movie 32 - Shadow', 1988, 'Comedy', 151, 4.7),
(33, 'Movie 33 - Edge', 1985, 'Fantasy', 142, 6.8),
(34, 'Movie 34 - Chronicles', 2016, 'Comedy', 104, 5.0),
(35, 'Movie 35 - Shadow', 2006, 'Sci-Fi', 174, 6.7),
(36, 'Movie 36 - Chronicles', 1989, 'Romance', 145, 9.2),
(37, 'Movie 37 - Return', 1997, 'Horror', 91, 7.8),
(38, 'Movie 38 - Quest', 1996, 'Thriller', 90, 8.8),
(39, 'Movie 39 - Chronicles', 2013, 'Sci-Fi', 137, 7.9),
(40, 'Movie 40 - Chronicles', 1988, 'Comedy', 118, 9.2),
(41, 'Movie 41 - Chronicles', 2009, 'Romance', 127, 5.9),
(42, 'Movie 42 - Quest', 2023, 'Action', 95, 4.1),
(43, 'Movie 43 - Chronicles', 2017, 'Romance', 84, 8.5),
(44, 'Movie 44 - Awakening', 2005, 'Horror', 99, 5.8),
(45, 'Movie 45 - Secret', 2008, 'Thriller', 148, 8.1),
(46, 'Movie 46 - Rise', 2024, 'Documentary', 99, 5.1),
(47, 'Movie 47 - Shadow', 2015, 'Animation', 108, 8.7),
(48, 'Movie 48 - Legacy', 1997, 'Documentary', 141, 8.3),
(49, 'Movie 49 - Secret', 2013, 'Documentary', 114, 6.4),
(50, 'Movie 50 - Awakening', 1990, 'Sci-Fi', 139, 9.4),
(51, 'Movie 51 - Reckoning', 2005, 'Sci-Fi', 152, 7.1),
(52, 'Movie 52 - Edge', 1993, 'Thriller', 179, 4.3),
(53, 'Movie 53 - Chronicles', 2017, 'Documentary', 166, 7.4),
(54, 'Movie 54 - Reckoning', 2000, 'Horror', 102, 9.0),
(55, 'Movie 55 - Shadow', 2011, 'Comedy', 154, 6.1),
(56, 'Movie 56 - Return', 2008, 'Documentary', 168, 7.5),
(57, 'Movie 57 - Legacy', 1995, 'Romance', 169, 7.2),
(58, 'Movie 58 - Legacy', 2004, 'Sci-Fi', 99, 4.9),
(59, 'Movie 59 - Awakening', 2024, 'Thriller', 158, 8.5),
(60, 'Movie 60 - Awakening', 1997, 'Fantasy', 156, 4.3),
(61, 'Movie 61 - Awakening', 1997, 'Fantasy', 137, 4.1),
(62, 'Movie 62 - Legacy', 2006, 'Fantasy', 165, 8.4),
(63, 'Movie 63 - Quest', 1987, 'Comedy', 111, 4.2),
(64, 'Movie 64 - Shadow', 1990, 'Action', 139, 6.4),
(65, 'Movie 65 - Return', 2020, 'Animation', 86, 7.3),
(66, 'Movie 66 - Shadow', 1991, 'Sci-Fi', 99, 5.3),
(67, 'Movie 67 - Awakening', 1995, 'Documentary', 177, 4.7),
(68, 'Movie 68 - Quest', 2010, 'Drama', 158, 6.7),
(69, 'Movie 69 - Chronicles', 2012, 'Fantasy', 100, 9.0),
(70, 'Movie 70 - Legacy', 1997, 'Thriller', 118, 8.1),
(71, 'Movie 71 - Secret', 2017, 'Action', 166, 7.2),
(72, 'Movie 72 - Shadow', 1995, 'Animation', 101, 5.3),
(73, 'Movie 73 - Return', 1991, 'Horror', 160, 5.0),
(74, 'Movie 74 - Rise', 2016, 'Sci-Fi', 109, 7.0),
(75, 'Movie 75 - Shadow', 2024, 'Sci-Fi', 171, 9.5),
(76, 'Movie 76 - Return', 2002, 'Horror', 151, 5.6),
(77, 'Movie 77 - Shadow', 1994, 'Fantasy', 106, 9.4),
(78, 'Movie 78 - Rise', 1990, 'Sci-Fi', 145, 5.7),
(79, 'Movie 79 - Secret', 1989, 'Action', 139, 5.8),
(80, 'Movie 80 - Return', 2012, 'Animation', 119, 4.5),
(81, 'Movie 81 - Secret', 1986, 'Action', 113, 5.8),
(82, 'Movie 82 - Secret', 2014, 'Horror', 94, 7.8),
(83, 'Movie 83 - Secret', 2007, 'Romance', 95, 5.3),
(84, 'Movie 84 - Quest', 2001, 'Horror', 153, 6.9),
(85, 'Movie 85 - Return', 1985, 'Romance', 127, 8.6),
(86, 'Movie 86 - Secret', 2009, 'Action', 102, 5.3),
(87, 'Movie 87 - Quest', 1998, 'Documentary', 176, 4.8),
(88, 'Movie 88 - Edge', 2000, 'Sci-Fi', 127, 6.1),
(89, 'Movie 89 - Awakening', 2021, 'Romance', 178, 6.2),
(90, 'Movie 90 - Chronicles', 1985, 'Thriller', 140, 5.2),
(91, 'Movie 91 - Reckoning', 1999, 'Action', 156, 5.9),
(92, 'Movie 92 - Reckoning', 2005, 'Drama', 163, 6.6),
(93, 'Movie 93 - Secret', 1988, 'Thriller', 82, 5.4),
(94, 'Movie 94 - Awakening', 1996, 'Documentary', 103, 7.7),
(95, 'Movie 95 - Legacy', 2000, 'Animation', 96, 5.0),
(96, 'Movie 96 - Awakening', 2010, 'Animation', 140, 4.3),
(97, 'Movie 97 - Reckoning', 2011, 'Horror', 180, 7.8),
(98, 'Movie 98 - Quest', 1993, 'Comedy', 109, 8.1),
(99, 'Movie 99 - Secret', 2004, 'Comedy', 126, 4.9),
(100, 'Movie 100 - Chronicles', 2002, 'Documentary', 149, 8.1),
(101, 'Movie 101 - Reckoning', 1987, 'Drama', 110, 4.8),
(102, 'Movie 102 - Chronicles', 1999, 'Comedy', 146, 6.7),
(103, 'Movie 103 - Reckoning', 2024, 'Romance', 96, 9.2),
(104, 'Movie 104 - Shadow', 1986, 'Comedy', 89, 6.8),
(105, 'Movie 105 - Edge', 2015, 'Animation', 160, 6.7),
(106, 'Movie 106 - Shadow', 2005, 'Sci-Fi', 160, 7.6),
(107, 'Movie 107 - Edge', 2024, 'Thriller', 104, 4.2),
(108, 'Movie 108 - Edge', 1997, 'Horror', 115, 8.7),
(109, 'Movie 109 - Awakening', 1993, 'Animation', 130, 5.8),
(110, 'Movie 110 - Shadow', 1994, 'Comedy', 127, 7.5),
(111, 'Movie 111 - Quest', 1991, 'Fantasy', 136, 8.7),
(112, 'Movie 112 - Rise', 2008, 'Fantasy', 177, 8.7),
(113, 'Movie 113 - Rise', 2024, 'Sci-Fi', 172, 8.3),
(114, 'Movie 114 - Quest', 1991, 'Action', 161, 5.1),
(115, 'Movie 115 - Awakening', 2011, 'Thriller', 136, 7.2),
(116, 'Movie 116 - Awakening', 1997, 'Fantasy', 122, 5.5),
(117, 'Movie 117 - Secret', 2022, 'Horror', 160, 6.7),
(118, 'Movie 118 - Edge', 2022, 'Romance', 100, 6.5),
(119, 'Movie 119 - Edge', 1989, 'Action', 98, 7.5),
(120, 'Movie 120 - Rise', 2008, 'Sci-Fi', 167, 6.7);

CREATE TABLE Actors (
    actor_id INT PRIMARY KEY,
    actor_name VARCHAR(120),
    birth_year INT,
    country VARCHAR(60)
);
INSERT INTO Actors (actor_id, actor_name, birth_year, country) VALUES
(1, 'Riley Smith', 1971, 'USA'),
(2, 'Riley Jackson', 1964, 'UK'),
(3, 'Isha Moore', 1958, 'Australia'),
(4, 'Jamie Miller', 1958, 'Mexico'),
(5, 'Skyler Jones', 1974, 'Japan'),
(6, 'Riley Robinson', 1950, 'India'),
(7, 'Liam Jackson', 1987, 'Japan'),
(8, 'Sage Lewis', 1964, 'Italy'),
(9, 'Casey Johnson', 1953, 'Netherlands'),
(10, 'Reese Martinez', 1971, 'Canada'),
(11, 'Evan Jones', 1975, 'Brazil'),
(12, 'Bhawna Kumar', 1984, 'Australia'),
(13, 'Blake Thompson', 1974, 'Japan'),
(14, 'Casey Harris', 1986, 'France'),
(15, 'Casey Martinez', 1964, 'Germany'),
(16, 'Kai Perez', 1987, 'Mexico'),
(17, 'Evan Patel', 1961, 'South Korea'),
(18, 'Hayden Jackson', 1971, 'South Korea'),
(19, 'Parker White', 1995, 'India'),
(20, 'Alex Wilson', 1951, 'Mexico'),
(21, 'Bhawna Lee', 1953, 'France'),
(22, 'Jordan Garcia', 1995, 'India'),
(23, 'Morgan Martinez', 1991, 'Canada'),
(24, 'Karan Brown', 1965, 'Canada'),
(25, 'Maya Johnson', 1978, 'USA'),
(26, 'Sam Kumar', 1982, 'Canada'),
(27, 'Reese Martinez', 1985, 'UK'),
(28, 'Noah Garcia', 1997, 'Spain'),
(29, 'Liam Wilson', 1987, 'Italy'),
(30, 'Sage Johnson', 1957, 'France'),
(31, 'Taylor Davis', 1954, 'Italy'),
(32, 'Liam Lopez', 1992, 'India'),
(33, 'Morgan Robinson', 1978, 'Mexico'),
(34, 'Kai Johnson', 1985, 'UK'),
(35, 'Jamie Johnson', 1965, 'UK'),
(36, 'Jordan Clark', 1967, 'South Korea'),
(37, 'Sage DAngelo', 1956, 'Canada'),
(38, 'Jamie Shah', 1993, 'Australia'),
(39, 'Avery Robinson', 1973, 'India'),
(40, 'Jamie Anderson', 1969, 'USA'),
(41, 'Zoe Kumar', 1994, 'Japan'),
(42, 'Noah Brown', 1955, 'South Korea'),
(43, 'Evan Lee', 1983, 'Italy'),
(44, 'Zoe Anderson', 1975, 'Canada'),
(45, 'Avery Clark', 1971, 'Spain'),
(46, 'Isha Moore', 1963, 'Brazil'),
(47, 'Hayden Wilson', 1952, 'India'),
(48, 'Zoe Thompson', 1953, 'Netherlands'),
(49, 'Taylor Singh', 1980, 'France'),
(50, 'Riley Anderson', 1994, 'Brazil'),
(51, 'Noah Perez', 1950, 'Brazil'),
(52, 'Liam Martin', 1963, 'Germany'),
(53, 'Liam Lewis', 1959, 'UK'),
(54, 'Noah Clark', 1986, 'UK'),
(55, 'Sage Clark', 1987, 'Italy'),
(56, 'Noah DAngelo', 1966, 'India'),
(57, 'Bhawna Walker', 1978, 'USA'),
(58, 'Isha Kumar', 1967, 'Netherlands'),
(59, 'Skyler Kumar', 1966, 'France'),
(60, 'Evan Perez', 1992, 'Spain'),
(61, 'Robin Singh', 1958, 'Spain'),
(62, 'Evan Chen', 2000, 'Mexico'),
(63, 'Bhawna Thomas', 1988, 'Mexico'),
(64, 'Drew Thomas', 1997, 'Brazil'),
(65, 'Karan Martinez', 1981, 'Italy'),
(66, 'Blake Clark', 1986, 'Australia'),
(67, 'Casey Smith', 1999, 'Canada'),
(68, 'Zoe Jackson', 1979, 'Germany'),
(69, 'Jordan Kumar', 1980, 'Netherlands'),
(70, 'Jamie Davis', 1975, 'Canada'),
(71, 'Noah Jones', 1969, 'Germany'),
(72, 'Kai Thompson', 1984, 'Japan'),
(73, 'Cameron Martin', 1985, 'Mexico'),
(74, 'Kai Perez', 1951, 'Japan'),
(75, 'Skyler Singh', 1978, 'Italy'),
(76, 'Morgan Chen', 1980, 'France'),
(77, 'Morgan Walker', 1992, 'Spain'),
(78, 'Liam Walker', 1957, 'Netherlands'),
(79, 'Karan Brown', 1958, 'South Korea'),
(80, 'Jamie Kumar', 1956, 'Mexico'),
(81, 'Aria Taylor', 1968, 'Germany'),
(82, 'Morgan Martinez', 1993, 'France'),
(83, 'Drew Kumar', 1965, 'Netherlands'),
(84, 'Rowan Perez', 1953, 'Brazil'),
(85, 'Quinn Lopez', 1977, 'South Korea'),
(86, 'Aria Jackson', 1952, 'Australia'),
(87, 'Isha Clark', 1964, 'Australia'),
(88, 'Parker Martin', 1984, 'Canada'),
(89, 'Parker Kumar', 1963, 'Canada'),
(90, 'Isha Martin', 1960, 'Brazil'),
(91, 'Isha Martin', 1969, 'UK'),
(92, 'Robin Garcia', 1968, 'India'),
(93, 'Quinn Lopez', 1965, 'France'),
(94, 'Liam Harris', 1978, 'South Korea'),
(95, 'Casey Shah', 1968, 'Brazil'),
(96, 'Sage Shah', 1995, 'Canada'),
(97, 'Parker Miller', 1960, 'Netherlands'),
(98, 'Drew DAngelo', 1969, 'South Korea'),
(99, 'Maya Patel', 1996, 'Canada'),
(100, 'Karan Davis', 1964, 'USA');

CREATE TABLE Movie_actors (
    movie_id INT,
    actor_id INT,
    PRIMARY KEY (movie_id, actor_id),
    FOREIGN KEY (movie_id) REFERENCES Movies(movie_id),
    FOREIGN KEY (actor_id) REFERENCES Actors(actor_id)
);
INSERT INTO Movie_actors (movie_id, actor_id) VALUES
(1, 47),
(1, 38),
(1, 19),
(2, 96),
(2, 86),
(2, 74),
(2, 9),
(2, 25),
(2, 98),
(3, 22),
(3, 3),
(3, 71),
(3, 19),
(3, 16),
(3, 23),
(4, 8),
(4, 12),
(4, 32),
(5, 62),
(5, 86),
(5, 99),
(5, 68),
(5, 66),
(5, 46),
(6, 89),
(6, 54),
(6, 63),
(6, 13),
(7, 89),
(7, 78),
(7, 33),
(8, 82),
(8, 50),
(8, 77),
(8, 81),
(9, 96),
(9, 65),
(9, 74),
(9, 3),
(9, 69),
(10, 23),
(10, 26),
(10, 38),
(10, 64),
(11, 52),
(11, 18),
(11, 41),
(12, 69),
(12, 59),
(12, 93),
(12, 37),
(12, 19),
(12, 15),
(13, 75),
(13, 61),
(13, 90),
(13, 42),
(14, 27),
(14, 48),
(14, 86),
(15, 27),
(15, 39),
(15, 64),
(16, 5),
(16, 98),
(16, 97),
(16, 91),
(16, 77),
(16, 62),
(17, 29),
(17, 27),
(17, 49),
(17, 16),
(17, 73),
(17, 71),
(18, 45),
(18, 14),
(18, 84),
(18, 25),
(18, 26),
(18, 6),
(19, 68),
(19, 100),
(19, 83),
(19, 96),
(20, 23),
(20, 34),
(20, 53),
(20, 37),
(21, 75),
(21, 14),
(21, 1),
(21, 40),
(22, 56),
(22, 86),
(22, 11),
(22, 2),
(22, 42),
(23, 53),
(23, 84),
(23, 74),
(23, 45),
(23, 73),
(23, 40),
(24, 99),
(24, 64),
(24, 50),
(24, 20),
(24, 95),
(24, 100),
(25, 12),
(25, 56),
(25, 87),
(25, 47),
(26, 94),
(26, 7),
(26, 90),
(26, 1),
(27, 23),
(27, 78),
(27, 84),
(27, 13),
(27, 29),
(27, 40),
(28, 76),
(28, 97),
(28, 35),
(28, 74),
(28, 21),
(29, 69),
(29, 22),
(29, 67),
(29, 62),
(29, 71),
(30, 39),
(30, 37),
(30, 50),
(31, 84),
(31, 9),
(31, 70),
(32, 46),
(32, 94),
(32, 11),
(33, 10),
(33, 70),
(33, 28),
(33, 6),
(33, 69),
(34, 67),
(34, 6),
(34, 17),
(34, 37),
(34, 34),
(34, 43),
(35, 35),
(35, 80),
(35, 24),
(35, 72),
(35, 25),
(35, 28),
(36, 53),
(36, 32),
(36, 3),
(36, 22),
(36, 35),
(36, 54),
(37, 7),
(37, 44),
(37, 37),
(37, 67),
(37, 92),
(37, 5),
(38, 62),
(38, 18),
(38, 81),
(38, 47),
(39, 48),
(39, 42),
(39, 71),
(39, 47),
(39, 77),
(40, 15),
(40, 82),
(40, 87),
(41, 42),
(41, 33),
(41, 25),
(41, 66),
(42, 86),
(42, 94),
(42, 85),
(42, 32),
(42, 61),
(43, 91),
(43, 70),
(43, 97),
(43, 72),
(43, 74),
(44, 42),
(44, 88),
(44, 64),
(44, 98),
(45, 95),
(45, 55),
(45, 90),
(45, 46),
(45, 98),
(46, 63),
(46, 8),
(46, 76),
(46, 79),
(46, 83),
(46, 13),
(47, 71),
(47, 18),
(47, 69),
(47, 38),
(47, 64),
(47, 9),
(48, 37),
(48, 16),
(48, 23),
(48, 64),
(48, 46),
(49, 87),
(49, 81),
(49, 47),
(49, 91),
(50, 81),
(50, 86),
(50, 28),
(51, 10),
(51, 56),
(51, 15),
(51, 86),
(51, 84),
(52, 7),
(52, 91),
(52, 57),
(52, 90),
(52, 23),
(52, 66),
(53, 8),
(53, 28),
(53, 67),
(53, 21),
(54, 6),
(54, 83),
(54, 89),
(54, 1),
(55, 100),
(55, 16),
(55, 32),
(55, 44),
(56, 69),
(56, 94),
(56, 31),
(57, 49),
(57, 45),
(57, 24),
(57, 42),
(57, 7),
(57, 18),
(58, 31),
(58, 67),
(58, 16),
(58, 35),
(58, 79),
(58, 9),
(59, 3),
(59, 71),
(59, 94),
(60, 45),
(60, 20),
(60, 87),
(61, 68),
(61, 53),
(61, 59),
(61, 7),
(61, 30),
(61, 9),
(62, 3),
(62, 50),
(62, 99),
(62, 25),
(63, 67),
(63, 98),
(63, 11),
(63, 38),
(64, 52),
(64, 60),
(64, 100),
(65, 62),
(65, 40),
(65, 12),
(65, 17),
(65, 54),
(65, 63),
(66, 15),
(66, 77),
(66, 55),
(66, 45),
(67, 49),
(67, 42),
(67, 46),
(67, 18),
(68, 14),
(68, 82),
(68, 8),
(68, 97),
(68, 99),
(69, 96),
(69, 11),
(69, 60),
(69, 67),
(69, 35),
(69, 69),
(70, 41),
(70, 93),
(70, 63),
(70, 73),
(70, 10),
(71, 4),
(71, 24),
(71, 54),
(71, 53),
(71, 95),
(72, 94),
(72, 58),
(72, 67),
(72, 37),
(72, 40),
(72, 98),
(73, 66),
(73, 62),
(73, 29),
(73, 74),
(73, 61),
(74, 85),
(74, 49),
(74, 11),
(74, 36),
(74, 41),
(75, 26),
(75, 99),
(75, 10),
(75, 28),
(76, 74),
(76, 90),
(76, 55),
(76, 93),
(76, 5),
(77, 97),
(77, 24),
(77, 58),
(77, 43),
(77, 8),
(77, 1),
(78, 6),
(78, 40),
(78, 12),
(78, 51),
(78, 67),
(78, 18),
(79, 24),
(79, 36),
(79, 82),
(79, 18),
(79, 85),
(80, 96),
(80, 20),
(80, 73),
(81, 47),
(81, 43),
(81, 67),
(82, 79),
(82, 49),
(82, 64),
(82, 40),
(83, 69),
(83, 11),
(83, 38),
(83, 34),
(84, 98),
(84, 100),
(84, 49),
(84, 35),
(85, 13),
(85, 16),
(85, 29),
(86, 7),
(86, 99),
(86, 30),
(86, 17),
(86, 49),
(86, 84),
(87, 41),
(87, 55),
(87, 16),
(88, 7),
(88, 2),
(88, 88),
(88, 71),
(88, 25),
(89, 44),
(89, 86),
(89, 72),
(89, 35),
(90, 46),
(90, 75),
(90, 44),
(90, 54),
(90, 80),
(91, 35),
(91, 67),
(91, 9),
(91, 3),
(91, 55),
(91, 38),
(92, 26),
(92, 86),
(92, 33),
(93, 21),
(93, 44),
(93, 49),
(93, 17),
(93, 100),
(93, 18),
(94, 79),
(94, 44),
(94, 40),
(94, 25),
(95, 58),
(95, 68),
(95, 33),
(95, 72),
(95, 70),
(95, 81),
(96, 33),
(96, 47),
(96, 97),
(96, 93),
(96, 68),
(97, 7),
(97, 95),
(97, 100),
(97, 48),
(98, 23),
(98, 59),
(98, 6),
(99, 83),
(99, 4),
(99, 9),
(99, 17),
(100, 29),
(100, 92),
(100, 59),
(100, 21),
(101, 96),
(101, 30),
(101, 69),
(102, 2),
(102, 78),
(102, 67),
(103, 22),
(103, 86),
(103, 15),
(103, 51),
(104, 79),
(104, 26),
(104, 64),
(104, 24),
(105, 10),
(105, 61),
(105, 82),
(106, 31),
(106, 91),
(106, 90),
(106, 12),
(106, 85),
(107, 54),
(107, 47),
(107, 44),
(107, 79),
(107, 5),
(107, 8),
(108, 82),
(108, 65),
(108, 36),
(109, 35),
(109, 5),
(109, 62),
(109, 89),
(109, 77),
(109, 69),
(110, 88),
(110, 49),
(110, 94),
(110, 3),
(110, 41),
(111, 31),
(111, 58),
(111, 34),
(111, 71),
(111, 48),
(112, 4),
(112, 53),
(112, 91),
(112, 3),
(113, 57),
(113, 2),
(113, 61),
(113, 96),
(114, 82),
(114, 66),
(114, 22),
(114, 54),
(114, 81),
(114, 97),
(115, 76),
(115, 85),
(115, 47),
(115, 91),
(115, 79),
(115, 61),
(116, 43),
(116, 48),
(116, 92),
(116, 79),
(116, 38),
(117, 70),
(117, 41),
(117, 67),
(117, 36),
(117, 98),
(118, 97),
(118, 26),
(118, 73),
(118, 21),
(118, 77),
(118, 80),
(119, 95),
(119, 24),
(119, 88),
(120, 13),
(120, 100),
(120, 79),
(120, 62),
(120, 91);

CREATE TABLE Watch_history (
    history_id INT PRIMARY KEY,
    user_id INT,
    movie_id INT,
    watch_date DATE,
    watch_time_min INT,
    rating_given DECIMAL(3,1),
    FOREIGN KEY (user_id) REFERENCES Users(user_id),
    FOREIGN KEY (movie_id) REFERENCES Movies(movie_id)
);
INSERT INTO Watch_history (history_id, user_id, movie_id, watch_date, watch_time_min, rating_given) VALUES
(1, 36, 109, '2024-05-10', 77, 6.2),
(2, 1, 61, '2021-11-18', 17, 1.4),
(3, 54, 85, '2022-04-18', 68, NULL),
(4, 89, 46, '2021-10-01', 1, NULL),
(5, 43, 9, '2023-12-24', 77, 7.7),
(6, 36, 77, '2024-12-03', 29, 7.3),
(7, 11, 63, '2024-09-13', 83, 7.5),
(8, 45, 52, '2024-03-13', 141, NULL),
(9, 55, 108, '2025-11-04', 99, 4.5),
(10, 83, 65, '2024-06-26', 67, 8.3),
(11, 15, 43, '2023-08-26', 10, 2.0),
(12, 13, 19, '2025-02-13', 65, NULL),
(13, 16, 119, '2024-10-14', 57, NULL),
(14, 35, 110, '2019-05-30', 25, 9.9),
(15, 60, 79, '2023-12-31', 51, NULL),
(16, 55, 49, '2025-08-13', 100, NULL),
(17, 99, 64, '2024-06-22', 118, 4.4),
(18, 35, 34, '2022-07-19', 101, NULL),
(19, 22, 62, '2024-01-28', 152, 4.1),
(20, 61, 104, '2025-09-01', 83, 3.0),
(21, 31, 7, '2024-02-16', 47, 7.3),
(22, 69, 58, '2025-07-25', 82, NULL),
(23, 42, 91, '2018-11-21', 106, NULL),
(24, 19, 33, '2021-05-08', 29, NULL),
(25, 73, 108, '2022-09-18', 82, NULL),
(26, 75, 55, '2023-07-09', 89, 7.3),
(27, 97, 42, '2024-09-21', 92, NULL),
(28, 2, 42, '2024-05-17', 9, NULL),
(29, 85, 86, '2023-04-26', 95, 5.8),
(30, 37, 102, '2021-01-03', 36, NULL),
(31, 50, 46, '2020-09-13', 76, 9.9),
(32, 5, 93, '2024-12-03', 44, NULL),
(33, 88, 117, '2022-11-07', 142, 7.8),
(34, 82, 36, '2024-09-10', 42, NULL),
(35, 61, 113, '2024-04-18', 8, NULL),
(36, 29, 63, '2023-02-17', 3, 3.1),
(37, 10, 113, '2023-12-21', 167, 3.6),
(38, 4, 97, '2021-06-17', 68, NULL),
(39, 62, 90, '2025-01-11', 99, NULL),
(40, 53, 97, '2023-02-27', 60, 2.4),
(41, 10, 16, '2024-08-27', 44, NULL),
(42, 73, 86, '2023-05-10', 58, 5.0),
(43, 9, 60, '2019-04-09', 116, NULL),
(44, 65, 22, '2024-11-25', 92, NULL),
(45, 42, 86, '2021-07-17', 53, NULL),
(46, 11, 10, '2024-07-29', 115, 1.9),
(47, 93, 118, '2018-11-05', 7, NULL),
(48, 50, 7, '2024-06-06', 81, 6.0),
(49, 95, 77, '2021-04-06', 13, NULL),
(50, 51, 44, '2023-12-16', 89, NULL),
(51, 5, 73, '2022-01-08', 28, 5.7),
(52, 45, 7, '2024-10-18', 56, 3.7),
(53, 64, 28, '2019-01-09', 19, 8.5),
(54, 87, 113, '2024-09-20', 72, 3.5),
(55, 66, 108, '2024-04-19', 12, 5.4),
(56, 41, 106, '2024-02-16', 43, NULL),
(57, 99, 52, '2025-04-17', 92, NULL),
(58, 97, 80, '2024-01-15', 17, 8.7),
(59, 84, 40, '2023-11-13', 2, 4.4),
(60, 100, 79, '2024-05-25', 107, 1.4),
(61, 7, 66, '2024-04-26', 4, 8.0),
(62, 99, 113, '2024-09-22', 171, 1.7),
(63, 88, 22, '2025-07-28', 14, NULL),
(64, 16, 57, '2024-08-26', 29, 2.5),
(65, 13, 49, '2023-06-24', 100, NULL),
(66, 15, 17, '2025-01-30', 75, 7.0),
(67, 1, 85, '2020-10-14', 119, NULL),
(68, 60, 69, '2023-04-18', 88, NULL),
(69, 9, 16, '2022-03-14', 56, NULL),
(70, 64, 16, '2021-05-05', 35, 8.4),
(71, 2, 55, '2025-10-30', 50, 8.5),
(72, 43, 39, '2023-02-28', 101, 3.1),
(73, 2, 70, '2019-07-11', 52, NULL),
(74, 96, 93, '2022-11-19', 15, 4.0),
(75, 90, 87, '2024-10-28', 58, 8.8),
(76, 58, 1, '2022-01-05', 100, 3.4),
(77, 4, 6, '2022-01-28', 16, NULL),
(78, 64, 106, '2021-01-16', 107, NULL),
(79, 86, 84, '2021-07-05', 105, 6.1),
(80, 71, 35, '2025-06-25', 16, NULL),
(81, 75, 2, '2023-09-03', 113, NULL),
(82, 30, 70, '2020-04-06', 26, 4.7),
(83, 1, 42, '2022-06-05', 68, 1.5),
(84, 36, 64, '2024-05-27', 46, 3.5),
(85, 23, 24, '2022-01-03', 50, NULL),
(86, 11, 65, '2024-09-21', 18, 8.3),
(87, 12, 75, '2023-03-03', 74, 1.5),
(88, 33, 94, '2025-04-08', 97, NULL),
(89, 77, 85, '2023-11-01', 46, 4.4),
(90, 10, 60, '2021-07-08', 27, NULL),
(91, 88, 75, '2025-02-01', 81, NULL),
(92, 16, 93, '2024-10-23', 80, 4.7),
(93, 94, 16, '2022-09-11', 60, 1.9),
(94, 96, 63, '2023-11-10', 61, NULL),
(95, 3, 104, '2025-01-11', 69, 6.2),
(96, 5, 73, '2025-06-02', 149, 3.4),
(97, 27, 102, '2025-03-14', 114, NULL),
(98, 25, 63, '2022-01-08', 5, 4.0),
(99, 99, 28, '2025-01-08', 76, 1.8),
(100, 95, 10, '2024-07-15', 99, 7.5),
(101, 23, 62, '2022-01-17', 93, 5.3),
(102, 7, 2, '2025-01-05', 55, NULL),
(103, 27, 41, '2025-11-30', 86, 2.8),
(104, 49, 15, '2024-05-27', 95, NULL),
(105, 57, 28, '2024-02-15', 72, 3.4),
(106, 33, 8, '2021-01-17', 5, 8.5),
(107, 69, 35, '2025-07-03', 17, 8.6),
(108, 30, 28, '2021-11-05', 38, NULL),
(109, 6, 77, '2025-09-21', 25, 4.9),
(110, 31, 57, '2024-08-06', 17, NULL),
(111, 38, 95, '2025-03-30', 34, 2.1),
(112, 79, 71, '2022-05-02', 22, 4.2),
(113, 22, 57, '2023-05-27', 44, NULL),
(114, 34, 33, '2024-03-27', 140, 1.5),
(115, 36, 85, '2025-04-19', 19, 6.8),
(116, 93, 75, '2024-06-23', 21, 3.4),
(117, 98, 16, '2021-10-10', 116, 7.1),
(118, 69, 59, '2025-04-19', 154, 9.3),
(119, 96, 57, '2025-05-03', 8, 5.5),
(120, 89, 92, '2025-09-09', 126, 5.8),
(121, 39, 82, '2025-01-30', 77, 5.0),
(122, 46, 117, '2023-06-16', 105, 5.3),
(123, 13, 78, '2025-10-21', 113, 2.7),
(124, 4, 70, '2025-07-13', 109, 9.4),
(125, 53, 61, '2025-03-03', 25, 5.8),
(126, 82, 50, '2022-05-30', 139, NULL),
(127, 5, 40, '2024-01-07', 65, 1.5),
(128, 95, 106, '2025-08-11', 146, 4.0),
(129, 21, 21, '2025-10-07', 6, NULL),
(130, 36, 31, '2024-06-05', 40, 8.8),
(131, 75, 83, '2021-06-09', 90, NULL),
(132, 14, 87, '2024-08-01', 167, 9.9),
(133, 32, 18, '2024-04-20', 23, NULL),
(134, 15, 98, '2022-01-31', 105, NULL),
(135, 46, 3, '2024-03-22', 81, NULL),
(136, 55, 105, '2024-09-15', 157, 2.3),
(137, 86, 56, '2022-01-14', 109, NULL),
(138, 20, 26, '2022-02-11', 47, NULL),
(139, 30, 60, '2024-03-26', 143, NULL),
(140, 2, 45, '2021-05-24', 67, 3.8),
(141, 4, 29, '2023-12-01', 110, 7.9),
(142, 57, 118, '2024-10-04', 96, 1.9),
(143, 32, 19, '2023-07-16', 11, 4.4),
(144, 84, 75, '2023-12-04', 50, 6.0),
(145, 51, 58, '2024-10-20', 81, NULL),
(146, 60, 17, '2021-08-31', 36, 5.9),
(147, 86, 13, '2023-01-05', 25, 4.9),
(148, 78, 64, '2024-03-21', 34, 7.9),
(149, 44, 109, '2021-12-27', 32, NULL),
(150, 38, 61, '2024-06-19', 20, NULL),
(151, 6, 96, '2023-04-19', 1, 4.0),
(152, 43, 112, '2025-06-13', 172, NULL),
(153, 95, 4, '2025-01-10', 70, NULL),
(154, 33, 13, '2024-11-30', 98, 9.2),
(155, 92, 38, '2025-05-26', 14, 2.6),
(156, 75, 100, '2024-04-16', 115, NULL),
(157, 92, 100, '2025-11-18', 18, NULL),
(158, 8, 21, '2024-05-17', 120, 3.3),
(159, 35, 105, '2025-03-29', 147, 7.5),
(160, 77, 3, '2023-10-10', 43, NULL),
(161, 2, 96, '2019-10-31', 62, NULL),
(162, 91, 42, '2023-05-04', 23, 8.7),
(163, 19, 71, '2020-02-22', 3, 4.8),
(164, 90, 21, '2023-05-30', 93, NULL),
(165, 9, 29, '2024-01-23', 115, 4.3),
(166, 57, 109, '2024-02-20', 50, NULL),
(167, 83, 77, '2024-12-28', 23, 3.4),
(168, 23, 51, '2025-11-03', 26, 8.0),
(169, 15, 36, '2022-01-27', 97, NULL),
(170, 30, 64, '2025-04-05', 121, NULL),
(171, 91, 96, '2023-09-05', 19, 4.1),
(172, 54, 113, '2025-04-04', 6, NULL),
(173, 21, 3, '2025-04-22', 33, NULL),
(174, 1, 52, '2018-12-27', 89, NULL),
(175, 85, 87, '2024-08-21', 91, 1.1),
(176, 16, 64, '2024-11-05', 58, 1.7),
(177, 34, 79, '2019-06-02', 126, 2.4),
(178, 11, 85, '2025-08-06', 100, 2.3),
(179, 70, 38, '2023-07-06', 34, NULL),
(180, 30, 40, '2025-02-07', 112, NULL),
(181, 72, 94, '2023-02-13', 9, 2.1),
(182, 5, 21, '2023-04-29', 30, 1.3),
(183, 9, 108, '2023-06-23', 37, 3.5),
(184, 41, 87, '2021-09-10', 130, NULL),
(185, 43, 3, '2023-10-21', 81, 8.1),
(186, 95, 84, '2024-12-25', 95, NULL),
(187, 97, 72, '2025-04-26', 32, 7.6),
(188, 44, 51, '2022-03-22', 9, 9.9),
(189, 35, 81, '2024-02-25', 60, NULL),
(190, 100, 57, '2025-08-07', 81, 9.2),
(191, 10, 85, '2025-06-21', 94, NULL),
(192, 91, 43, '2024-01-03', 46, 5.1),
(193, 30, 63, '2024-11-30', 75, 8.5),
(194, 77, 100, '2023-12-30', 58, NULL),
(195, 46, 71, '2024-11-09', 44, 2.7),
(196, 19, 100, '2022-06-15', 73, 2.4),
(197, 94, 75, '2025-10-15', 87, 4.3),
(198, 79, 67, '2023-10-23', 163, 5.6),
(199, 92, 120, '2025-09-16', 9, NULL),
(200, 85, 103, '2024-09-16', 23, 7.1),
(201, 74, 104, '2023-07-24', 25, 3.0),
(202, 48, 98, '2022-11-13', 104, 6.8),
(203, 25, 95, '2022-02-14', 43, 6.1),
(204, 35, 55, '2022-07-18', 31, 8.5),
(205, 97, 102, '2024-02-06', 139, 7.9),
(206, 58, 108, '2021-06-20', 20, 4.9),
(207, 69, 61, '2025-01-21', 72, NULL),
(208, 22, 60, '2024-05-25', 54, NULL),
(209, 31, 70, '2025-01-19', 42, 1.9),
(210, 4, 70, '2019-10-20', 118, NULL),
(211, 72, 14, '2025-09-05', 60, NULL),
(212, 58, 82, '2024-05-24', 25, 2.9),
(213, 58, 41, '2023-04-13', 90, 2.6),
(214, 2, 60, '2023-06-04', 2, 8.0),
(215, 36, 87, '2025-09-13', 31, 4.7),
(216, 43, 20, '2024-10-08', 146, NULL),
(217, 36, 52, '2024-02-19', 172, 1.8),
(218, 44, 32, '2023-09-04', 19, 2.5),
(219, 82, 64, '2022-07-26', 92, NULL),
(220, 13, 90, '2023-10-12', 61, NULL),
(221, 21, 10, '2024-05-31', 96, 3.9),
(222, 15, 91, '2023-05-06', 3, 7.9),
(223, 75, 102, '2025-11-15', 126, 7.8),
(224, 100, 73, '2025-04-02', 36, NULL),
(225, 100, 88, '2024-09-23', 77, NULL),
(226, 8, 26, '2024-04-15', 55, NULL),
(227, 8, 36, '2023-03-17', 124, 9.7),
(228, 80, 77, '2022-04-02', 95, 5.8),
(229, 96, 116, '2023-02-21', 30, NULL),
(230, 99, 27, '2024-11-13', 117, NULL),
(231, 45, 114, '2024-04-08', 149, 2.6),
(232, 41, 46, '2024-09-29', 32, 6.1),
(233, 61, 7, '2025-03-04', 45, 8.9),
(234, 24, 72, '2021-07-24', 38, NULL),
(235, 25, 32, '2023-02-04', 144, 2.3),
(236, 88, 116, '2023-05-12', 10, 5.6),
(237, 63, 74, '2024-10-19', 67, 5.5),
(238, 83, 76, '2025-09-02', 94, NULL),
(239, 70, 42, '2024-08-05', 62, 2.9),
(240, 21, 52, '2025-11-13', 50, 2.2),
(241, 9, 98, '2023-03-15', 23, NULL),
(242, 84, 117, '2024-08-03', 156, 6.4),
(243, 11, 109, '2024-06-22', 122, NULL),
(244, 21, 98, '2024-12-22', 3, 3.0),
(245, 76, 51, '2024-12-16', 4, NULL),
(246, 76, 76, '2025-01-28', 102, 7.1),
(247, 8, 65, '2025-10-26', 61, 7.7),
(248, 28, 31, '2022-04-13', 74, 2.5),
(249, 58, 54, '2023-05-22', 66, 6.7),
(250, 6, 30, '2024-11-10', 44, 1.2),
(251, 66, 38, '2021-01-25', 7, NULL),
(252, 36, 41, '2024-03-26', 110, 8.4),
(253, 5, 109, '2024-09-01', 11, 4.7),
(254, 18, 1, '2024-04-19', 16, NULL),
(255, 84, 76, '2024-08-28', 2, NULL),
(256, 2, 7, '2020-12-02', 163, 6.7),
(257, 36, 100, '2024-05-09', 35, NULL),
(258, 63, 44, '2024-12-28', 68, 1.8),
(259, 77, 97, '2022-09-25', 9, 5.8),
(260, 74, 18, '2025-11-04', 133, 3.4),
(261, 16, 85, '2025-03-02', 89, 9.3),
(262, 19, 73, '2024-07-09', 103, 2.5),
(263, 81, 103, '2023-09-07', 83, 3.6),
(264, 2, 120, '2019-09-19', 145, NULL),
(265, 7, 48, '2022-10-20', 40, NULL),
(266, 22, 16, '2023-08-20', 103, NULL),
(267, 64, 63, '2019-04-23', 34, NULL),
(268, 1, 33, '2023-01-11', 128, 9.0),
(269, 80, 23, '2022-08-28', 81, 2.0),
(270, 13, 73, '2024-03-22', 20, NULL),
(271, 99, 107, '2025-02-25', 96, NULL),
(272, 8, 91, '2023-08-27', 65, NULL),
(273, 29, 108, '2024-08-23', 12, 5.3),
(274, 83, 55, '2021-12-20', 27, 4.0),
(275, 26, 76, '2025-01-17', 24, 2.0),
(276, 78, 84, '2025-02-08', 153, NULL),
(277, 75, 68, '2023-08-23', 6, 1.3),
(278, 45, 117, '2024-10-15', 160, NULL),
(279, 90, 24, '2021-05-26', 4, 1.2),
(280, 76, 62, '2022-04-24', 20, NULL),
(281, 21, 19, '2025-05-22', 54, 8.9),
(282, 16, 15, '2023-11-27', 176, 8.7),
(283, 3, 68, '2024-12-07', 125, 9.5),
(284, 94, 73, '2021-09-15', 85, NULL),
(285, 56, 53, '2021-11-27', 166, NULL),
(286, 97, 97, '2024-12-09', 170, NULL),
(287, 93, 29, '2021-06-25', 101, NULL),
(288, 43, 3, '2025-08-03', 79, NULL),
(289, 89, 73, '2023-07-21', 128, 3.2),
(290, 27, 94, '2023-11-16', 35, 7.8),
(291, 81, 62, '2024-08-08', 93, NULL),
(292, 86, 115, '2025-05-06', 27, 3.6),
(293, 1, 43, '2024-02-02', 68, 3.2),
(294, 88, 82, '2020-10-16', 9, 5.8),
(295, 81, 90, '2023-11-11', 107, NULL),
(296, 8, 119, '2023-08-14', 47, 8.3),
(297, 1, 48, '2023-06-23', 8, 8.9),
(298, 48, 36, '2023-05-31', 49, 2.8),
(299, 62, 94, '2024-08-01', 22, NULL),
(300, 43, 109, '2025-02-07', 40, NULL),
(301, 64, 113, '2022-08-12', 164, NULL),
(302, 90, 10, '2021-10-26', 113, 9.2),
(303, 46, 75, '2023-09-04', 8, NULL),
(304, 87, 84, '2023-12-28', 71, NULL),
(305, 58, 78, '2020-08-05', 34, 5.4),
(306, 78, 113, '2025-04-08', 3, NULL),
(307, 15, 120, '2022-10-21', 125, 6.6),
(308, 4, 89, '2025-11-26', 101, NULL),
(309, 90, 45, '2023-07-12', 43, 6.8),
(310, 31, 115, '2022-08-17', 41, 7.5),
(311, 16, 119, '2023-11-15', 37, 3.8),
(312, 30, 99, '2020-04-18', 103, NULL),
(313, 42, 49, '2022-05-27', 99, 6.5),
(314, 10, 8, '2020-09-16', 82, 9.1),
(315, 42, 120, '2021-01-01', 32, NULL),
(316, 24, 87, '2025-07-16', 45, 8.6),
(317, 51, 112, '2025-08-16', 74, NULL),
(318, 66, 7, '2022-12-14', 121, NULL),
(319, 34, 113, '2024-12-18', 53, NULL),
(320, 10, 117, '2022-03-27', 1, 3.2),
(321, 1, 47, '2022-10-25', 38, 3.0),
(322, 22, 19, '2023-06-10', 36, 7.8),
(323, 97, 73, '2025-05-05', 148, NULL),
(324, 5, 94, '2025-07-01', 90, 9.9),
(325, 19, 98, '2025-03-10', 38, 4.3),
(326, 49, 110, '2025-09-02', 27, NULL),
(327, 95, 104, '2025-08-06', 57, NULL),
(328, 92, 22, '2024-12-27', 4, 2.9),
(329, 23, 1, '2024-07-03', 84, 2.5),
(330, 60, 43, '2022-06-12', 82, 9.3),
(331, 93, 78, '2023-04-08', 28, 6.3),
(332, 90, 66, '2025-01-30', 73, 3.4),
(333, 63, 11, '2024-02-09', 73, 5.6),
(334, 39, 46, '2025-10-31', 3, 6.2),
(335, 93, 43, '2024-06-15', 10, NULL),
(336, 51, 82, '2025-06-30', 5, 6.2),
(337, 20, 105, '2020-12-14', 1, 6.4),
(338, 42, 46, '2024-04-24', 68, 8.9),
(339, 28, 39, '2020-06-14', 112, NULL),
(340, 61, 102, '2024-10-30', 8, 8.6),
(341, 28, 77, '2023-05-10', 79, NULL),
(342, 54, 66, '2025-01-06', 32, 6.5),
(343, 52, 74, '2022-07-11', 55, NULL),
(344, 27, 66, '2025-09-13', 21, NULL),
(345, 77, 83, '2022-03-11', 26, 2.5),
(346, 60, 6, '2024-10-19', 35, 9.4),
(347, 54, 105, '2024-02-24', 11, NULL),
(348, 65, 46, '2025-08-25', 9, 6.5),
(349, 18, 93, '2022-10-08', 81, 9.7),
(350, 13, 99, '2025-02-21', 101, NULL),
(351, 84, 49, '2024-03-13', 89, 7.1),
(352, 21, 89, '2024-08-23', 38, 2.7),
(353, 61, 52, '2024-02-08', 54, 3.5),
(354, 41, 52, '2023-12-15', 126, 6.5),
(355, 59, 83, '2024-09-11', 9, 6.8),
(356, 45, 89, '2024-10-17', 139, NULL),
(357, 27, 89, '2024-06-06', 152, NULL),
(358, 3, 82, '2021-09-28', 24, 4.6),
(359, 76, 15, '2022-07-01', 147, 9.4),
(360, 96, 30, '2023-12-31', 99, 5.2),
(361, 85, 41, '2024-11-24', 2, 7.3),
(362, 8, 49, '2024-02-13', 100, 8.3),
(363, 72, 15, '2023-08-24', 139, NULL),
(364, 23, 103, '2025-06-02', 79, 5.8),
(365, 11, 9, '2025-04-20', 60, 6.2),
(366, 77, 111, '2023-08-05', 47, NULL),
(367, 32, 104, '2025-02-23', 55, 5.9),
(368, 75, 105, '2024-01-01', 115, 3.7),
(369, 83, 6, '2025-06-01', 84, 8.3),
(370, 91, 103, '2025-02-17', 58, 5.5),
(371, 79, 1, '2022-11-02', 60, 3.8),
(372, 49, 56, '2025-10-05', 120, NULL),
(373, 83, 24, '2025-02-28', 50, 2.3),
(374, 79, 119, '2023-05-21', 6, NULL),
(375, 23, 13, '2022-03-24', 156, 6.6),
(376, 7, 61, '2024-03-12', 104, NULL),
(377, 56, 102, '2024-11-10', 19, 1.9),
(378, 43, 76, '2024-07-30', 118, NULL),
(379, 89, 88, '2022-10-15', 75, NULL),
(380, 100, 91, '2023-10-15', 58, 1.2),
(381, 46, 52, '2021-05-17', 119, 4.5),
(382, 100, 119, '2024-06-23', 41, 8.0),
(383, 50, 95, '2025-01-28', 65, 6.1),
(384, 4, 52, '2020-10-24', 38, 1.3),
(385, 67, 9, '2025-11-07', 12, 1.8),
(386, 100, 46, '2024-09-04', 94, 1.6),
(387, 15, 33, '2022-02-04', 68, 7.3),
(388, 88, 108, '2024-03-17', 51, 8.5),
(389, 2, 90, '2022-08-02', 83, 7.4),
(390, 10, 70, '2024-01-27', 90, NULL),
(391, 95, 101, '2024-06-27', 35, 5.9),
(392, 8, 72, '2024-11-09', 101, 4.8),
(393, 72, 117, '2025-08-15', 19, 5.2),
(394, 96, 113, '2023-03-12', 163, 1.4),
(395, 14, 34, '2024-04-17', 39, 9.3),
(396, 35, 17, '2024-11-20', 56, NULL),
(397, 71, 17, '2023-01-28', 41, 9.2),
(398, 41, 15, '2022-08-05', 56, 1.8),
(399, 98, 102, '2024-09-15', 129, 1.0),
(400, 62, 84, '2025-10-16', 116, 3.9),
(401, 100, 18, '2024-12-14', 144, 3.8),
(402, 90, 47, '2022-11-24', 17, NULL),
(403, 54, 65, '2024-08-14', 4, 8.3),
(404, 86, 41, '2023-09-02', 83, 6.7),
(405, 60, 21, '2022-08-31', 117, NULL),
(406, 92, 78, '2025-01-06', 69, 1.6),
(407, 81, 72, '2025-08-19', 100, 9.5),
(408, 98, 9, '2022-10-18', 54, 7.8),
(409, 97, 8, '2024-06-05', 22, NULL),
(410, 57, 35, '2025-06-03', 129, 3.2),
(411, 87, 29, '2024-10-27', 68, NULL),
(412, 52, 113, '2024-02-28', 119, 6.6),
(413, 73, 76, '2021-03-18', 65, 3.9),
(414, 73, 90, '2021-09-17', 86, 2.4),
(415, 60, 93, '2021-08-23', 43, 7.1),
(416, 84, 1, '2024-11-21', 112, NULL),
(417, 100, 87, '2024-12-31', 150, NULL),
(418, 45, 78, '2025-08-01', 4, NULL),
(419, 51, 75, '2024-06-20', 125, 1.9),
(420, 71, 23, '2023-01-20', 8, 6.8),
(421, 45, 13, '2024-12-18', 66, 1.9),
(422, 34, 76, '2024-02-01', 11, NULL),
(423, 54, 12, '2022-10-08', 130, 7.1),
(424, 10, 21, '2018-12-19', 167, 7.6),
(425, 94, 58, '2025-04-13', 88, 2.8),
(426, 12, 22, '2019-11-25', 38, NULL),
(427, 42, 98, '2019-06-06', 13, 8.8),
(428, 90, 38, '2020-10-10', 28, NULL),
(429, 95, 19, '2021-05-23', 31, 3.2),
(430, 95, 93, '2022-08-21', 75, 4.4),
(431, 56, 77, '2025-02-28', 78, 6.1),
(432, 81, 7, '2024-10-27', 164, 1.1),
(433, 29, 20, '2024-12-24', 23, 3.0),
(434, 81, 52, '2023-01-08', 90, 5.3),
(435, 91, 77, '2025-04-30', 51, 8.7),
(436, 13, 16, '2024-12-31', 42, 6.8),
(437, 10, 100, '2022-10-14', 48, NULL),
(438, 58, 51, '2021-01-29', 65, 6.1),
(439, 76, 9, '2023-09-10', 75, 3.3),
(440, 46, 89, '2025-02-06', 14, 7.2),
(441, 83, 33, '2024-01-04', 98, 6.9),
(442, 31, 106, '2022-03-22', 108, NULL),
(443, 73, 55, '2025-08-30', 75, 9.2),
(444, 98, 114, '2021-03-16', 11, 9.8),
(445, 22, 48, '2024-07-02', 108, 9.7),
(446, 61, 119, '2025-10-26', 71, 5.0),
(447, 7, 64, '2024-02-25', 85, 3.7),
(448, 62, 66, '2024-09-02', 32, NULL),
(449, 48, 1, '2023-04-03', 21, NULL),
(450, 8, 50, '2025-05-02', 114, NULL),
(451, 14, 57, '2024-09-03', 29, 7.7),
(452, 83, 68, '2023-06-27', 108, 8.2),
(453, 84, 85, '2024-02-28', 3, NULL),
(454, 21, 12, '2025-02-03', 57, 8.4),
(455, 58, 25, '2025-02-09', 15, 1.1),
(456, 13, 68, '2025-08-09', 141, 8.6),
(457, 57, 39, '2023-10-16', 104, 5.8),
(458, 98, 49, '2021-06-21', 79, 3.7),
(459, 16, 83, '2024-12-25', 6, 8.3),
(460, 16, 86, '2025-07-14', 90, 2.3),
(461, 15, 78, '2024-07-31', 93, 2.8),
(462, 63, 1, '2025-04-12', 87, NULL),
(463, 74, 96, '2019-02-05', 32, NULL),
(464, 19, 4, '2020-06-26', 118, 6.6),
(465, 14, 29, '2024-01-13', 11, 6.9),
(466, 55, 9, '2024-08-12', 51, 7.8),
(467, 51, 94, '2025-09-04', 61, NULL),
(468, 70, 76, '2023-06-07', 121, 7.0),
(469, 82, 107, '2021-02-05', 5, 1.7),
(470, 33, 86, '2024-07-05', 30, NULL),
(471, 74, 17, '2023-01-24', 109, 5.9),
(472, 42, 75, '2021-01-20', 132, 3.0),
(473, 3, 55, '2025-02-04', 142, NULL),
(474, 77, 76, '2022-05-29', 56, 2.8),
(475, 59, 63, '2025-03-03', 29, 3.0),
(476, 16, 47, '2025-01-07', 8, 6.6),
(477, 95, 112, '2021-06-11', 4, 3.6),
(478, 99, 68, '2025-01-25', 33, NULL),
(479, 42, 64, '2021-06-21', 13, 9.7),
(480, 38, 64, '2025-03-22', 120, NULL),
(481, 39, 13, '2023-09-16', 40, 8.4),
(482, 92, 55, '2025-05-11', 20, 5.8),
(483, 40, 40, '2025-01-03', 26, 5.3),
(484, 38, 57, '2025-06-22', 58, NULL),
(485, 99, 27, '2025-09-14', 21, NULL),
(486, 84, 5, '2024-10-30', 75, 5.1),
(487, 26, 84, '2025-10-02', 68, NULL),
(488, 7, 79, '2025-09-25', 57, 7.0),
(489, 27, 24, '2024-04-08', 58, 9.7),
(490, 49, 29, '2023-09-08', 132, NULL),
(491, 100, 43, '2024-10-16', 77, 8.2),
(492, 22, 91, '2025-07-09', 136, 1.4),
(493, 47, 103, '2022-09-11', 45, NULL),
(494, 50, 108, '2024-07-08', 88, NULL),
(495, 2, 15, '2022-04-04', 163, NULL),
(496, 75, 20, '2025-04-05', 70, 2.5),
(497, 82, 95, '2024-02-01', 94, 1.4),
(498, 25, 89, '2024-07-02', 152, 1.5),
(499, 15, 96, '2025-07-21', 124, 8.0),
(500, 68, 96, '2025-01-13', 92, 2.5),
(501, 14, 105, '2025-09-12', 74, NULL),
(502, 50, 57, '2023-07-25', 89, NULL),
(503, 94, 109, '2022-01-18', 51, 7.4),
(504, 24, 103, '2021-10-28', 10, 5.7),
(505, 44, 59, '2023-03-05', 143, 6.7),
(506, 39, 81, '2023-12-18', 62, 1.7),
(507, 27, 108, '2024-02-23', 73, 3.3),
(508, 74, 44, '2025-06-17', 25, NULL),
(509, 30, 95, '2022-08-04', 11, NULL),
(510, 44, 5, '2021-12-31', 116, 3.4),
(511, 41, 24, '2024-07-20', 47, 7.7),
(512, 68, 4, '2025-03-01', 118, 2.1),
(513, 54, 1, '2025-08-16', 98, 3.7),
(514, 96, 44, '2024-12-22', 28, NULL),
(515, 62, 7, '2025-04-30', 139, NULL),
(516, 22, 67, '2024-10-14', 24, 5.1),
(517, 36, 81, '2025-06-26', 61, NULL),
(518, 77, 66, '2022-06-25', 57, NULL),
(519, 97, 115, '2023-11-24', 24, 7.7),
(520, 76, 32, '2025-06-30', 44, NULL),
(521, 24, 30, '2024-12-21', 88, NULL),
(522, 58, 4, '2024-06-15', 112, 6.8),
(523, 67, 115, '2025-11-28', 83, 4.9),
(524, 67, 43, '2025-01-23', 65, 2.0),
(525, 42, 93, '2021-04-01', 36, NULL),
(526, 69, 102, '2025-02-19', 43, 2.4),
(527, 80, 58, '2021-08-04', 51, 3.4),
(528, 4, 118, '2022-09-09', 31, NULL),
(529, 78, 104, '2023-12-25', 75, NULL),
(530, 87, 85, '2024-02-15', 43, 3.6),
(531, 41, 112, '2022-08-05', 51, 4.4),
(532, 18, 82, '2023-04-18', 28, NULL),
(533, 56, 103, '2025-11-21', 12, NULL),
(534, 93, 89, '2024-02-05', 132, NULL),
(535, 58, 5, '2024-12-28', 56, 5.8),
(536, 16, 73, '2025-11-06', 29, 1.3),
(537, 71, 68, '2024-11-11', 1, NULL),
(538, 5, 2, '2024-10-15', 89, 3.9),
(539, 68, 100, '2024-11-28', 90, 6.6),
(540, 84, 18, '2023-09-08', 92, 2.5),
(541, 85, 21, '2022-07-19', 138, NULL),
(542, 39, 47, '2024-01-12', 78, NULL),
(543, 57, 58, '2024-05-09', 90, NULL),
(544, 44, 79, '2024-07-01', 84, NULL),
(545, 15, 13, '2025-05-24', 54, NULL),
(546, 30, 115, '2022-11-20', 84, NULL),
(547, 19, 18, '2020-02-04', 72, 1.5),
(548, 3, 51, '2024-08-22', 5, NULL),
(549, 70, 58, '2025-09-21', 38, 6.1),
(550, 77, 29, '2021-06-02', 123, 8.7),
(551, 96, 36, '2023-03-22', 139, 7.7),
(552, 34, 120, '2023-01-25', 49, 3.1),
(553, 2, 100, '2021-08-30', 145, 3.8),
(554, 88, 29, '2020-07-10', 100, 1.4),
(555, 34, 103, '2025-06-22', 46, NULL),
(556, 24, 119, '2019-11-26', 50, 1.6),
(557, 1, 55, '2020-01-05', 154, 3.3),
(558, 3, 84, '2024-10-16', 105, 8.7),
(559, 91, 12, '2025-11-14', 63, NULL),
(560, 57, 66, '2024-06-15', 13, NULL),
(561, 88, 10, '2023-10-21', 9, 10.0),
(562, 31, 7, '2022-10-08', 11, 6.9),
(563, 66, 95, '2024-01-03', 21, NULL),
(564, 44, 42, '2023-04-07', 54, 4.0),
(565, 76, 35, '2022-06-10', 33, NULL),
(566, 59, 81, '2025-10-29', 90, NULL),
(567, 49, 59, '2024-11-06', 19, NULL),
(568, 83, 27, '2022-05-16', 125, 5.1),
(569, 39, 12, '2023-09-04', 87, NULL),
(570, 36, 74, '2024-10-13', 69, 8.9),
(571, 48, 2, '2023-11-12', 53, NULL),
(572, 65, 3, '2025-10-29', 63, NULL),
(573, 96, 32, '2025-08-21', 120, NULL),
(574, 15, 73, '2022-02-18', 65, 1.7),
(575, 60, 114, '2023-08-12', 140, 6.0),
(576, 48, 105, '2023-04-07', 130, 5.9),
(577, 54, 104, '2023-01-18', 16, 4.4),
(578, 49, 17, '2024-07-18', 159, 9.8),
(579, 65, 16, '2025-09-07', 61, NULL),
(580, 22, 56, '2023-04-05', 121, 2.5),
(581, 6, 63, '2025-10-20', 88, 2.4),
(582, 76, 1, '2024-08-06', 15, NULL),
(583, 45, 62, '2025-03-18', 125, 9.9),
(584, 11, 3, '2025-09-10', 77, NULL),
(585, 58, 66, '2025-08-07', 25, NULL),
(586, 21, 77, '2025-11-24', 75, 8.0),
(587, 68, 6, '2024-10-27', 40, 9.9),
(588, 92, 24, '2025-04-23', 86, 8.3),
(589, 51, 83, '2024-01-05', 45, 7.9),
(590, 56, 14, '2025-07-26', 36, 6.5),
(591, 34, 104, '2019-04-06', 46, NULL),
(592, 87, 108, '2025-08-31', 76, 6.3),
(593, 22, 56, '2024-04-15', 106, 2.8),
(594, 58, 92, '2024-02-21', 85, 1.4),
(595, 93, 87, '2018-10-30', 171, NULL),
(596, 49, 42, '2025-11-15', 87, 1.5),
(597, 38, 63, '2024-09-13', 17, NULL),
(598, 23, 6, '2023-11-30', 55, NULL),
(599, 95, 61, '2021-05-16', 6, 3.9),
(600, 20, 21, '2024-02-19', 11, 6.5),
(601, 23, 113, '2024-11-24', 160, NULL),
(602, 91, 102, '2024-11-04', 51, 4.2),
(603, 77, 68, '2024-04-04', 65, NULL),
(604, 18, 60, '2023-08-20', 17, 4.5),
(605, 97, 104, '2025-06-15', 69, 7.5),
(606, 56, 43, '2022-02-25', 55, NULL),
(607, 14, 5, '2024-12-21', 93, 9.5),
(608, 16, 87, '2025-07-28', 145, NULL),
(609, 56, 76, '2025-08-25', 7, 6.3),
(610, 1, 31, '2021-10-04', 145, NULL),
(611, 47, 12, '2025-03-01', 66, 1.5),
(612, 21, 93, '2025-11-29', 58, 6.4),
(613, 39, 5, '2019-12-08', 84, NULL),
(614, 86, 44, '2020-07-19', 65, NULL),
(615, 31, 72, '2022-09-06', 48, NULL),
(616, 53, 71, '2024-02-23', 18, 6.4),
(617, 35, 104, '2025-11-30', 36, 2.6),
(618, 11, 11, '2025-08-26', 18, 2.9),
(619, 18, 10, '2025-06-10', 50, NULL),
(620, 72, 39, '2025-11-15', 69, NULL),
(621, 75, 3, '2021-12-18', 2, 2.6),
(622, 60, 9, '2023-10-02', 13, 2.8),
(623, 6, 43, '2025-06-09', 15, 1.4),
(624, 62, 119, '2024-12-28', 11, 6.7),
(625, 95, 34, '2025-03-12', 20, 9.8),
(626, 37, 95, '2024-09-30', 53, NULL),
(627, 80, 117, '2023-06-02', 36, NULL),
(628, 62, 106, '2025-06-09', 95, 3.8),
(629, 16, 25, '2025-02-12', 65, NULL),
(630, 66, 17, '2024-09-05', 81, NULL),
(631, 8, 45, '2024-02-01', 97, 1.1),
(632, 26, 1, '2024-09-09', 99, NULL),
(633, 67, 24, '2025-09-08', 65, 2.2),
(634, 49, 109, '2024-01-25', 28, NULL),
(635, 15, 4, '2024-01-15', 56, 7.5),
(636, 20, 48, '2021-09-04', 38, 7.6),
(637, 17, 54, '2025-09-24', 84, NULL),
(638, 60, 111, '2023-10-03', 79, 5.1),
(639, 74, 52, '2023-04-17', 151, NULL),
(640, 32, 98, '2023-06-05', 72, 9.0),
(641, 52, 27, '2024-06-22', 133, 2.2),
(642, 21, 97, '2024-07-26', 11, 5.1),
(643, 43, 102, '2024-07-23', 60, 9.9),
(644, 76, 97, '2022-08-31', 114, 3.9),
(645, 98, 1, '2025-07-22', 29, NULL),
(646, 19, 86, '2022-07-10', 93, 5.0),
(647, 22, 43, '2025-01-23', 52, NULL),
(648, 45, 17, '2024-03-13', 128, 3.2),
(649, 45, 84, '2025-07-01', 6, 2.1),
(650, 48, 45, '2021-12-06', 75, 3.1),
(651, 10, 12, '2024-11-15', 66, NULL),
(652, 14, 2, '2024-08-27', 69, 9.8),
(653, 96, 17, '2023-07-29', 63, NULL),
(654, 15, 29, '2021-09-22', 46, NULL),
(655, 37, 10, '2023-10-23', 7, NULL),
(656, 1, 19, '2022-10-10', 22, 3.4),
(657, 25, 71, '2022-05-12', 158, NULL),
(658, 65, 6, '2025-09-07', 56, 8.2),
(659, 12, 119, '2018-09-02', 87, 6.8),
(660, 81, 83, '2021-11-01', 81, 9.3),
(661, 32, 23, '2023-07-13', 20, 5.3),
(662, 62, 3, '2024-02-08', 10, 2.5),
(663, 41, 31, '2024-12-21', 123, NULL),
(664, 24, 99, '2021-06-16', 34, 7.4),
(665, 50, 38, '2018-12-11', 10, 2.5),
(666, 3, 112, '2024-08-06', 145, 7.0),
(667, 72, 62, '2024-05-31', 111, NULL),
(668, 23, 70, '2024-04-26', 22, NULL),
(669, 57, 9, '2024-11-10', 65, 9.4),
(670, 16, 55, '2023-12-25', 57, NULL),
(671, 61, 105, '2024-11-05', 118, NULL),
(672, 18, 6, '2025-05-25', 70, 9.7),
(673, 86, 11, '2025-11-26', 15, 6.8),
(674, 16, 80, '2024-08-30', 1, NULL),
(675, 41, 33, '2024-02-09', 42, 8.9),
(676, 45, 88, '2025-06-29', 43, 3.0),
(677, 42, 45, '2023-06-17', 139, 8.5),
(678, 24, 84, '2023-03-21', 42, NULL),
(679, 79, 20, '2022-12-19', 90, 6.3),
(680, 97, 56, '2025-06-21', 105, NULL),
(681, 46, 25, '2023-04-11', 26, NULL),
(682, 51, 2, '2024-08-28', 5, NULL),
(683, 23, 79, '2024-10-16', 128, NULL),
(684, 18, 117, '2025-01-11', 27, 2.3),
(685, 99, 30, '2025-11-13', 7, 1.3),
(686, 39, 68, '2025-09-08', 135, 7.5),
(687, 72, 43, '2024-07-18', 33, NULL),
(688, 34, 60, '2019-06-23', 145, 4.8),
(689, 28, 60, '2023-09-29', 13, NULL),
(690, 15, 27, '2023-08-26', 100, 5.9),
(691, 33, 40, '2021-02-05', 44, 5.5),
(692, 95, 51, '2021-03-24', 72, NULL),
(693, 59, 71, '2024-05-09', 85, 3.7),
(694, 58, 32, '2022-01-08', 70, 9.0),
(695, 13, 90, '2025-08-12', 3, NULL),
(696, 61, 76, '2024-06-12', 50, 7.2),
(697, 33, 51, '2024-10-06', 45, 9.2),
(698, 54, 48, '2025-06-16', 5, NULL),
(699, 62, 34, '2024-08-29', 25, NULL),
(700, 20, 57, '2023-09-27', 19, NULL),
(701, 75, 61, '2021-08-11', 62, 2.2),
(702, 73, 115, '2022-06-16', 25, NULL),
(703, 93, 105, '2021-02-10', 64, NULL),
(704, 56, 101, '2021-08-29', 101, NULL),
(705, 90, 3, '2021-08-30', 9, NULL),
(706, 23, 11, '2024-01-10', 50, 4.0),
(707, 54, 113, '2023-08-06', 128, 8.9),
(708, 51, 37, '2025-03-05', 49, NULL),
(709, 17, 66, '2025-10-22', 78, 5.2),
(710, 7, 103, '2025-02-17', 79, 6.4),
(711, 92, 13, '2025-08-19', 62, NULL),
(712, 7, 59, '2023-11-24', 116, NULL),
(713, 19, 18, '2020-05-16', 159, 1.5),
(714, 33, 108, '2019-09-09', 84, 7.1),
(715, 97, 106, '2023-11-15', 42, 7.3),
(716, 75, 32, '2024-06-22', 93, NULL),
(717, 30, 2, '2021-06-23', 120, 2.4),
(718, 2, 45, '2024-08-16', 74, 1.6),
(719, 64, 106, '2022-04-27', 2, 3.0),
(720, 6, 88, '2023-07-03', 57, NULL),
(721, 44, 35, '2023-05-22', 169, NULL),
(722, 4, 116, '2020-10-17', 3, 3.5),
(723, 35, 16, '2024-06-11', 86, 9.9),
(724, 5, 48, '2023-08-17', 48, NULL),
(725, 21, 24, '2024-08-26', 28, NULL),
(726, 34, 101, '2024-03-27', 64, NULL),
(727, 74, 22, '2022-09-07', 60, NULL),
(728, 12, 66, '2019-04-05', 85, NULL),
(729, 22, 44, '2024-11-25', 42, 4.9),
(730, 94, 117, '2020-10-10', 118, NULL),
(731, 78, 12, '2023-08-23', 37, 4.3),
(732, 15, 81, '2021-12-06', 22, 7.3),
(733, 85, 33, '2023-02-07', 124, 1.3),
(734, 86, 96, '2021-12-25', 135, 1.2),
(735, 22, 81, '2025-02-28', 7, 7.0),
(736, 88, 51, '2024-05-09', 8, 6.2),
(737, 66, 116, '2023-04-28', 35, 5.1),
(738, 65, 26, '2024-08-15', 74, 9.2),
(739, 13, 76, '2023-11-02', 132, 4.1),
(740, 35, 39, '2022-08-16', 44, 9.0),
(741, 25, 30, '2023-10-09', 93, NULL),
(742, 61, 31, '2024-02-18', 121, 9.6),
(743, 7, 102, '2022-07-29', 57, NULL),
(744, 80, 52, '2025-02-09', 177, 1.2),
(745, 45, 2, '2024-07-28', 38, 5.2),
(746, 98, 111, '2023-03-03', 47, 1.0),
(747, 58, 33, '2025-10-06', 99, 5.4),
(748, 6, 48, '2023-07-06', 48, 5.0),
(749, 88, 63, '2024-10-07', 57, NULL),
(750, 12, 25, '2019-04-04', 86, NULL),
(751, 61, 54, '2024-02-14', 3, 2.9),
(752, 46, 12, '2019-11-22', 121, 2.6),
(753, 61, 117, '2025-01-28', 108, NULL),
(754, 8, 67, '2025-04-10', 108, NULL),
(755, 15, 19, '2022-11-03', 55, 2.7),
(756, 2, 116, '2025-11-08', 37, 6.6),
(757, 4, 28, '2023-12-14', 49, 3.1),
(758, 98, 32, '2023-12-16', 146, NULL),
(759, 28, 29, '2025-03-28', 105, 8.3),
(760, 65, 98, '2024-07-02', 23, NULL),
(761, 61, 30, '2024-09-15', 65, 1.4),
(762, 89, 108, '2024-11-12', 36, NULL),
(763, 68, 91, '2025-10-13', 53, NULL),
(764, 75, 94, '2025-06-16', 48, 9.9),
(765, 12, 34, '2023-03-29', 32, 6.5),
(766, 11, 21, '2025-09-25', 7, NULL),
(767, 24, 105, '2020-09-17', 91, 5.0),
(768, 63, 45, '2023-09-09', 84, 7.1),
(769, 62, 120, '2025-09-25', 107, 1.4),
(770, 77, 25, '2023-06-01', 18, 1.6),
(771, 26, 105, '2024-11-25', 66, NULL),
(772, 27, 105, '2023-09-16', 105, NULL),
(773, 57, 78, '2024-12-06', 77, 7.9),
(774, 18, 117, '2022-12-05', 111, NULL),
(775, 23, 39, '2023-01-07', 99, NULL),
(776, 21, 119, '2024-10-02', 21, 3.6),
(777, 40, 48, '2023-10-31', 75, NULL),
(778, 63, 89, '2023-06-30', 169, 7.6),
(779, 75, 107, '2021-12-17', 2, 10.0),
(780, 58, 104, '2022-04-21', 80, 3.5),
(781, 93, 89, '2019-02-20', 169, NULL),
(782, 80, 48, '2025-09-22', 127, NULL),
(783, 7, 59, '2024-03-19', 74, NULL),
(784, 74, 49, '2020-09-07', 6, 6.1),
(785, 60, 73, '2023-12-14', 158, 7.6),
(786, 61, 47, '2025-08-02', 95, NULL),
(787, 40, 80, '2024-08-07', 8, NULL),
(788, 70, 16, '2022-03-18', 84, 4.0),
(789, 35, 17, '2019-03-27', 146, NULL),
(790, 66, 73, '2021-02-19', 134, 4.1),
(791, 75, 46, '2022-02-08', 38, NULL),
(792, 60, 104, '2023-03-26', 6, NULL),
(793, 47, 119, '2023-08-27', 2, 5.1),
(794, 82, 108, '2023-09-30', 63, NULL),
(795, 68, 47, '2025-02-20', 12, 9.4),
(796, 2, 60, '2024-09-09', 150, 4.8),
(797, 94, 57, '2020-11-10', 70, NULL),
(798, 21, 60, '2024-10-12', 24, 5.4),
(799, 86, 81, '2020-06-28', 111, 7.9),
(800, 9, 53, '2021-02-19', 37, 5.7),
(801, 42, 16, '2025-07-31', 34, 8.0),
(802, 50, 41, '2021-01-25', 126, NULL),
(803, 81, 44, '2022-08-08', 61, 2.3),
(804, 44, 76, '2022-08-02', 91, 2.8),
(805, 27, 46, '2023-07-23', 69, 9.5),
(806, 46, 117, '2022-04-30', 155, 4.4),
(807, 13, 34, '2024-10-28', 29, 6.6),
(808, 96, 115, '2022-12-07', 14, 3.9),
(809, 13, 23, '2023-07-06', 49, NULL),
(810, 65, 41, '2024-07-12', 48, 6.5),
(811, 96, 24, '2024-10-04', 24, NULL),
(812, 35, 19, '2025-04-23', 44, 6.5),
(813, 51, 100, '2025-01-20', 102, 8.2),
(814, 97, 35, '2023-08-27', 106, NULL),
(815, 56, 92, '2023-02-16', 101, NULL),
(816, 4, 26, '2022-02-08', 61, NULL),
(817, 59, 97, '2025-05-20', 63, 7.8),
(818, 68, 100, '2025-11-28', 82, NULL),
(819, 71, 4, '2024-02-19', 103, NULL),
(820, 89, 109, '2025-07-07', 60, 8.8),
(821, 45, 33, '2024-08-25', 79, NULL),
(822, 59, 60, '2025-04-19', 44, NULL),
(823, 16, 37, '2025-01-13', 39, NULL),
(824, 81, 84, '2024-10-04', 72, NULL),
(825, 80, 45, '2023-02-19', 130, NULL),
(826, 25, 21, '2024-05-26', 178, NULL),
(827, 78, 28, '2024-05-09', 39, 4.5),
(828, 88, 31, '2024-12-29', 150, 2.4),
(829, 39, 103, '2025-08-14', 78, NULL),
(830, 8, 87, '2025-06-26', 36, NULL),
(831, 61, 29, '2025-02-18', 71, NULL),
(832, 19, 45, '2023-05-20', 16, 1.5),
(833, 2, 38, '2022-08-07', 50, 6.2),
(834, 61, 115, '2024-06-05', 132, NULL),
(835, 98, 56, '2024-06-19', 126, 4.6),
(836, 56, 111, '2022-09-08', 6, 9.5),
(837, 27, 7, '2025-04-30', 140, 2.9),
(838, 62, 12, '2024-10-29', 7, 8.7),
(839, 66, 76, '2022-01-01', 120, 6.3),
(840, 93, 63, '2019-01-25', 21, 4.4),
(841, 50, 52, '2019-12-16', 143, NULL),
(842, 63, 56, '2025-07-11', 74, 1.3),
(843, 93, 75, '2021-05-13', 94, 4.8),
(844, 74, 93, '2025-05-24', 47, 1.1),
(845, 24, 41, '2022-05-02', 75, 2.8),
(846, 64, 19, '2023-03-16', 5, NULL),
(847, 66, 83, '2021-09-01', 63, 8.2),
(848, 82, 54, '2024-09-27', 68, NULL),
(849, 30, 55, '2020-11-11', 8, NULL),
(850, 47, 97, '2020-06-14', 106, 3.1),
(851, 88, 111, '2025-09-28', 123, 5.3),
(852, 62, 32, '2024-09-30', 134, 1.3),
(853, 67, 37, '2024-11-09', 18, 2.6),
(854, 47, 48, '2024-01-01', 62, 8.7),
(855, 68, 98, '2025-01-18', 76, 1.5),
(856, 99, 52, '2024-07-23', 42, 8.6),
(857, 63, 119, '2024-07-23', 55, NULL),
(858, 70, 110, '2024-03-06', 121, NULL),
(859, 26, 16, '2024-02-22', 8, 2.1),
(860, 8, 115, '2025-09-02', 94, 6.0),
(861, 2, 42, '2023-02-25', 48, 9.9),
(862, 86, 17, '2022-05-18', 7, 4.1),
(863, 36, 11, '2025-06-18', 34, NULL),
(864, 72, 70, '2025-10-21', 91, 9.9),
(865, 50, 35, '2020-07-28', 151, NULL),
(866, 97, 42, '2024-04-11', 10, 1.8),
(867, 84, 63, '2024-08-24', 28, 7.9),
(868, 26, 75, '2024-10-01', 99, NULL),
(869, 88, 27, '2021-06-29', 18, 7.3),
(870, 64, 14, '2022-07-21', 91, NULL),
(871, 83, 86, '2024-11-06', 49, NULL),
(872, 8, 14, '2025-03-21', 22, 1.8),
(873, 64, 72, '2022-02-08', 68, 3.5),
(874, 91, 111, '2023-08-09', 59, 7.3),
(875, 89, 36, '2025-11-15', 111, NULL),
(876, 74, 39, '2025-05-02', 72, NULL),
(877, 77, 68, '2025-07-03', 96, NULL),
(878, 100, 35, '2023-08-19', 88, 7.5),
(879, 1, 21, '2019-01-22', 174, 8.0),
(880, 74, 96, '2025-10-01', 115, 8.7),
(881, 60, 101, '2023-03-13', 44, NULL),
(882, 54, 68, '2022-04-26', 154, NULL),
(883, 54, 58, '2022-06-20', 11, NULL),
(884, 4, 34, '2021-12-25', 50, 9.8),
(885, 33, 83, '2025-11-24', 85, NULL),
(886, 55, 24, '2025-07-31', 14, 4.0),
(887, 42, 86, '2022-09-23', 14, 8.0),
(888, 20, 64, '2023-10-13', 134, 7.2),
(889, 36, 45, '2024-03-01', 134, NULL),
(890, 42, 116, '2019-11-03', 12, 4.7),
(891, 22, 27, '2024-03-11', 90, NULL),
(892, 5, 96, '2025-10-09', 4, 9.8),
(893, 86, 93, '2022-12-09', 24, 3.7),
(894, 10, 119, '2021-11-25', 59, 2.5),
(895, 100, 106, '2025-02-22', 150, 6.1),
(896, 19, 18, '2024-09-21', 119, NULL),
(897, 46, 33, '2023-04-27', 5, 1.5),
(898, 45, 64, '2024-10-13', 81, 4.7),
(899, 72, 75, '2025-07-21', 65, 9.1),
(900, 93, 106, '2021-08-18', 129, 3.2),
(901, 7, 88, '2025-06-27', 68, 8.3),
(902, 32, 13, '2023-11-22', 20, NULL),
(903, 82, 26, '2024-05-12', 19, NULL),
(904, 48, 33, '2020-01-06', 55, 8.1),
(905, 48, 85, '2019-05-18', 55, 1.0),
(906, 71, 118, '2022-11-16', 42, NULL),
(907, 16, 119, '2024-10-23', 63, NULL),
(908, 9, 13, '2024-01-26', 28, 8.0),
(909, 79, 12, '2024-11-01', 110, 1.1),
(910, 38, 90, '2024-07-04', 91, 3.6),
(911, 73, 53, '2024-06-07', 34, NULL),
(912, 93, 28, '2019-07-12', 49, 7.0),
(913, 100, 80, '2024-07-11', 70, NULL),
(914, 19, 120, '2024-08-15', 67, 3.8),
(915, 65, 117, '2024-07-10', 156, 7.4),
(916, 73, 56, '2024-01-01', 95, 9.2),
(917, 71, 62, '2024-09-24', 139, NULL),
(918, 86, 80, '2023-12-19', 68, 6.6),
(919, 34, 70, '2021-06-29', 60, NULL),
(920, 22, 26, '2024-08-26', 89, NULL),
(921, 5, 36, '2024-03-03', 82, 3.7),
(922, 29, 118, '2023-12-28', 92, 1.9),
(923, 49, 119, '2025-03-16', 7, 5.2),
(924, 11, 56, '2025-02-18', 112, 1.0),
(925, 7, 114, '2024-03-14', 39, 1.3),
(926, 33, 70, '2024-02-16', 98, 3.9),
(927, 68, 4, '2025-08-10', 100, NULL),
(928, 47, 18, '2021-08-25', 121, 9.0),
(929, 98, 57, '2025-05-11', 148, 8.2),
(930, 47, 27, '2022-04-22', 80, NULL),
(931, 53, 80, '2024-02-14', 37, 7.8),
(932, 37, 91, '2022-09-18', 108, 10.0),
(933, 26, 55, '2023-09-27', 18, 5.7),
(934, 12, 103, '2023-09-16', 19, 1.6),
(935, 37, 23, '2022-08-08', 2, 2.5),
(936, 22, 98, '2025-07-28', 21, 1.9),
(937, 87, 11, '2024-07-22', 56, 7.1),
(938, 57, 81, '2025-03-08', 77, NULL),
(939, 60, 83, '2024-04-24', 50, 1.6),
(940, 44, 98, '2025-11-11', 48, NULL),
(941, 29, 112, '2024-08-15', 163, NULL),
(942, 36, 24, '2024-02-18', 1, NULL),
(943, 79, 76, '2023-10-19', 38, 7.0),
(944, 77, 46, '2021-07-27', 56, 4.8),
(945, 26, 106, '2023-08-21', 39, NULL),
(946, 36, 87, '2024-11-08', 67, NULL),
(947, 91, 45, '2025-10-12', 92, 2.4),
(948, 29, 58, '2023-04-25', 18, 7.5),
(949, 50, 75, '2022-03-13', 88, 2.7),
(950, 75, 89, '2023-06-28', 12, 4.7),
(951, 36, 105, '2024-06-29', 4, NULL),
(952, 59, 79, '2024-09-28', 11, 5.6),
(953, 31, 106, '2023-11-08', 26, NULL),
(954, 19, 41, '2024-10-06', 68, NULL),
(955, 7, 11, '2025-11-30', 21, 1.2),
(956, 82, 15, '2025-09-03', 59, 2.1),
(957, 32, 78, '2023-08-30', 132, 8.3),
(958, 57, 12, '2024-10-16', 132, 9.2),
(959, 96, 39, '2023-03-11', 111, 1.3),
(960, 3, 115, '2025-08-21', 129, 9.9),
(961, 64, 30, '2019-05-28', 37, NULL),
(962, 62, 82, '2024-01-30', 49, 10.0),
(963, 59, 93, '2025-11-22', 11, NULL),
(964, 5, 15, '2023-01-16', 127, 6.0),
(965, 84, 79, '2025-03-07', 36, 9.2),
(966, 41, 54, '2022-05-15', 9, NULL),
(967, 55, 103, '2025-01-27', 43, 7.4),
(968, 67, 2, '2025-11-05', 15, NULL),
(969, 1, 23, '2020-06-05', 1, 2.8),
(970, 74, 5, '2023-04-18', 21, 9.6),
(971, 38, 32, '2024-07-16', 6, 1.5),
(972, 93, 43, '2024-07-31', 43, 3.9),
(973, 60, 17, '2025-09-18', 63, 7.1),
(974, 5, 91, '2024-08-07', 134, 8.6),
(975, 94, 46, '2023-08-28', 65, NULL),
(976, 78, 119, '2023-10-10', 21, NULL),
(977, 44, 50, '2024-05-03', 37, NULL),
(978, 14, 94, '2025-11-23', 22, NULL),
(979, 72, 14, '2025-05-06', 79, NULL),
(980, 12, 76, '2019-08-05', 67, 5.6),
(981, 41, 39, '2024-06-18', 91, 8.2),
(982, 43, 110, '2024-03-13', 81, NULL),
(983, 39, 8, '2022-03-18', 133, NULL),
(984, 47, 20, '2023-10-25', 130, NULL),
(985, 14, 106, '2023-12-21', 82, 3.7),
(986, 90, 100, '2024-10-12', 56, NULL),
(987, 13, 66, '2025-10-25', 1, 3.0),
(988, 57, 85, '2024-10-01', 79, 8.0),
(989, 53, 88, '2024-05-08', 53, NULL),
(990, 32, 4, '2025-08-15', 95, 5.3),
(991, 6, 19, '2024-12-31', 55, 7.6),
(992, 15, 104, '2025-10-05', 80, 8.1),
(993, 65, 108, '2025-11-25', 20, 5.2),
(994, 42, 112, '2019-01-22', 126, 8.3),
(995, 80, 90, '2022-09-22', 24, 9.5),
(996, 100, 78, '2024-09-14', 58, NULL),
(997, 37, 17, '2021-01-27', 91, NULL),
(998, 36, 93, '2024-05-19', 46, NULL),
(999, 93, 68, '2023-04-15', 152, NULL),
(1000, 56, 93, '2025-04-20', 7, NULL);



